slug,resolution,oracle_open,oracle_close,btc_open,btc_close,num_samples,avg_yes_mid,avg_spread,yes_mid_at_4m,yes_mid_at_3m,yes_mid_at_2m,yes_mid_at_1m,yes_mid_at_30s,spread_at_4m,spread_at_3m,spread_at_2m,spread_at_1m,spread_at_30s
btc-updown-5m-1774042800,DOWN,70402.71,70395.23,70440.98,70405.38,42,0.1596,0.0074,0.1750,0.0750,0.0250,0.5000,0.5000,0.0100,0.0100,0.0100,0.0000,0.0000
btc-updown-5m-1774043100,UP,70395.23,70533.45,70405.38,70556.61,58,0.7232,0.0105,0.6650,0.7350,0.8450,0.9650,0.5000,0.0100,0.0100,0.0100,0.0100,0.0000
btc-updown-5m-1774043400,DOWN,70533.45,70491.00,70556.61,70525.28,56,0.6148,0.0139,0.4950,0.7450,0.8450,0.8950,0.1700,0.0100,0.0100,0.0100,0.0100,0.0200
btc-updown-5m-1774043700,UP,70491.00,70535.89,70525.28,70554.81,57,0.5916,0.0102,0.5550,0.5150,0.6250,0.5050,0.8450,0.0100,0.0100,0.0100,0.0100,0.0100
btc-updown-5m-1774044000,UP,70535.89,70841.64,70554.81,70880.00,57,0.7444,0.0077,0.8750,0.9450,0.9750,0.5000,0.5000,0.0100,0.0100,0.0100,0.0000,0.0000
btc-updown-5m-1774044300,DOWN,70841.64,70795.56,70880.00,70797.00,57,0.2995,0.0126,0.2750,0.3150,0.4100,0.1950,0.0350,0.0100,0.0100,0.0200,0.0100,0.0100
btc-updown-5m-1774044600,DOWN,70795.56,70534.58,70797.00,70854.08,28,0.6339,0.0107,0.6950,0.6950,0.7250,0.7250,0.7250,0.0100,0.0100,0.0100,0.0100,0.0100
btc-updown-5m-1774057200,UP,70534.58,70534.58,70854.08,70510.05,2,0.5000,0.0000,0.5000,0.5000,0.5000,0.5000,0.5000,0.0000,0.0000,0.0000,0.0000,0.0000
btc-updown-5m-1774057500,UP,70534.58,70703.64,70510.05,70503.36,5,0.3400,0.0120,0.3650,0.3650,0.3650,0.3650,0.3650,0.0100,0.0100,0.0100,0.0100,0.0100
btc-updown-5m-1774062000,DOWN,70703.64,70686.86,70503.36,70503.36,1,0.2350,0.0100,0.2350,0.2350,0.2350,0.2350,0.2350,0.0100,0.0100,0.0100,0.0100,0.0100
btc-updown-5m-1774088100,DOWN,70619.21,70567.50,70635.44,70591.11,55,0.3404,0.0101,0.5150,0.2950,0.2450,0.0250,0.5000,0.0100,0.0100,0.0100,0.0100,0.0000
btc-updown-5m-1774088400,DOWN,70567.50,70560.82,70591.11,70571.79,57,0.2970,0.0158,0.4550,0.3850,0.3400,0.0550,0.0800,0.0100,0.0100,0.0200,0.0100,0.0400
btc-updown-5m-1774088700,UP,70560.82,70571.17,70571.79,70597.67,57,0.6532,0.0196,0.7200,0.5650,0.8950,0.7250,0.6100,0.0200,0.0100,0.0100,0.0100,0.0400
btc-updown-5m-1774089000,UP,70571.17,70589.62,70597.67,70600.60,57,0.7773,0.0125,0.7450,0.7950,0.8250,0.9650,0.5000,0.0100,0.0100,0.0300,0.0100,0.0000
btc-updown-5m-1774089300,UP,70589.62,70603.03,70600.60,70620.00,57,0.7277,0.0130,0.5450,0.7250,0.8050,0.9050,0.9650,0.0100,0.0100,0.0100,0.0100,0.0100
btc-updown-5m-1774089600,DOWN,70603.03,70574.26,70620.00,70586.08,57,0.3169,0.0167,0.5050,0.2150,0.1850,0.2850,0.4150,0.0100,0.0100,0.0300,0.0100,0.0300
btc-updown-5m-1774089900,DOWN,70574.26,70560.71,70586.08,70574.50,58,0.2854,0.0126,0.3750,0.3650,0.3150,0.1250,0.0650,0.0100,0.0100,0.0100,0.0100,0.0300
btc-updown-5m-1774090200,UP,70560.71,70576.27,70574.50,70590.39,58,0.7078,0.0131,0.5600,0.6750,0.7600,0.8850,0.9650,0.0200,0.0100,0.0200,0.0100,0.0100
btc-updown-5m-1774090500,UP,70576.27,70585.45,70590.39,70605.65,58,0.7519,0.0169,0.6550,0.7450,0.8250,0.8950,0.9650,0.0100,0.0100,0.0100,0.0300,0.0100
btc-updown-5m-1774090800,UP,70585.45,70597.79,70605.65,70607.85,58,0.5240,0.0166,0.4150,0.4550,0.4750,0.5550,0.7950,0.0100,0.0100,0.0100,0.0300,0.0100
btc-updown-5m-1774091100,DOWN,70597.79,70592.75,70607.85,70583.50,56,0.4653,0.0163,0.4050,0.4650,0.5450,0.4450,0.3800,0.0100,0.0100,0.0300,0.0100,0.0200
btc-updown-5m-1774091400,DOWN,70592.75,70559.50,70583.50,70567.79,57,0.1641,0.0125,0.2550,0.1000,0.0750,0.0450,0.0250,0.0100,0.0200,0.0100,0.0100,0.0100
btc-updown-5m-1774091700,UP,70559.50,70574.02,70567.79,70591.23,57,0.7455,0.0118,0.5350,0.7200,0.8650,0.9250,0.9650,0.0100,0.0200,0.0300,0.0100,0.0100
btc-updown-5m-1774092000,UP,70574.02,70576.52,70591.23,70592.99,57,0.6575,0.0153,0.5850,0.6650,0.6750,0.7350,0.7950,0.0100,0.0100,0.0100,0.0300,0.0100
btc-updown-5m-1774092300,UP,70576.52,70594.91,70592.99,70610.00,58,0.7822,0.0103,0.7350,0.7450,0.8450,0.9250,0.9650,0.0100,0.0100,0.0100,0.0100,0.0100
btc-updown-5m-1774092600,DOWN,70594.91,70582.46,70610.00,70602.86,58,0.2145,0.0121,0.4750,0.1450,0.0650,0.0850,0.0550,0.0100,0.0100,0.0100,0.0300,0.0100
btc-updown-5m-1774092900,UP,70582.46,70597.56,70602.86,70609.99,58,0.6491,0.0112,0.3450,0.5350,0.7450,0.9250,0.9550,0.0100,0.0100,0.0100,0.0100,0.0100
btc-updown-5m-1774093200,UP,70597.56,70707.30,70609.99,70611.38,35,0.6003,0.0131,0.6650,0.5400,0.5250,0.5550,0.5550,0.0100,0.0200,0.0100,0.0100,0.0100
btc-updown-5m-1774097400,DOWN,70707.30,70699.31,70611.38,70714.54,11,0.1959,0.0118,0.3150,0.3150,0.3150,0.0850,0.0600,0.0100,0.0100,0.0100,0.0300,0.0400
btc-updown-5m-1774097700,UP,70699.31,70729.04,70714.54,70722.62,48,0.6566,0.0127,0.6250,0.7050,0.7050,0.5700,0.6000,0.0100,0.0100,0.0100,0.0200,0.0200
btc-updown-5m-1774100100,DOWN,70729.04,70716.81,70722.62,70730.88,30,0.1698,0.0090,0.0950,0.0950,0.2500,0.0400,0.0150,0.0100,0.0100,0.0200,0.0200,0.0100
btc-updown-5m-1774100400,DOWN,70716.81,70711.29,70730.88,70724.80,58,0.3347,0.0172,0.3550,0.3200,0.3950,0.4150,0.1200,0.0100,0.0400,0.0100,0.0500,0.0400
btc-updown-5m-1774100700,UP,70711.29,70718.56,70724.80,70735.08,58,0.5050,0.0145,0.4750,0.5750,0.3050,0.6800,0.9750,0.0100,0.0100,0.0100,0.0200,0.0100
btc-updown-5m-1774101000,UP,70718.56,70722.07,70735.08,70737.18,58,0.7352,0.0134,0.8150,0.6550,0.7650,0.7350,0.7550,0.0100,0.0100,0.0100,0.0100,0.0100
btc-updown-5m-1774101300,DOWN,70722.07,70719.05,70737.18,70740.19,58,0.3546,0.0153,0.3250,0.1950,0.4650,0.4450,0.2850,0.0100,0.0100,0.0100,0.0100,0.0100
btc-updown-5m-1774101600,UP,70719.05,70732.85,70740.19,70770.23,58,0.8538,0.0124,0.8050,0.9250,0.9250,0.9550,0.9350,0.0100,0.0100,0.0100,0.0100,0.0300
btc-updown-5m-1774101900,UP,70732.85,70802.38,70770.23,70815.04,59,0.7206,0.0099,0.5250,0.6600,0.9350,0.9850,0.5000,0.0100,0.0200,0.0100,0.0100,0.0000
btc-updown-5m-1774102200,UP,70802.38,71002.24,70815.04,71036.01,57,0.6038,0.0054,0.7850,0.9750,0.5000,0.5000,0.5000,0.0100,0.0100,0.0000,0.0000,0.0000
btc-updown-5m-1774102500,DOWN,71002.24,71000.68,71036.01,71015.20,57,0.2456,0.0130,0.4300,0.1050,0.0450,0.0150,0.5000,0.0200,0.0100,0.0100,0.0100,0.0000
btc-updown-5m-1774102800,DOWN,71000.68,70942.34,71015.20,70955.29,57,0.1890,0.0125,0.2950,0.1350,0.0650,0.0250,0.0150,0.0100,0.0100,0.0100,0.0100,0.0100
btc-updown-5m-1774103100,DOWN,70942.34,70918.02,70955.29,70937.52,48,0.2945,0.0106,0.2750,0.2750,0.3350,0.0650,0.0450,0.0100,0.0100,0.0100,0.0100,0.0100
btc-updown-5m-1774103400,UP,70918.02,70969.69,70937.52,71011.44,54,0.6420,0.0111,0.6350,0.5200,0.6250,0.9650,0.5000,0.0100,0.0200,0.0500,0.0100,0.0000
btc-updown-5m-1774103700,DOWN,70969.69,70925.92,71011.44,70943.49,58,0.2893,0.0110,0.4350,0.2450,0.1000,0.0550,0.5000,0.0100,0.0100,0.0200,0.0100,0.0000
btc-updown-5m-1774104000,DOWN,70925.92,70566.03,70943.49,70571.99,2,0.4300,0.0200,0.4550,0.4550,0.4550,0.4550,0.4550,0.0100,0.0100,0.0100,0.0100,0.0100
btc-updown-5m-1774106100,DOWN,70566.03,70499.85,70571.99,70540.80,35,0.3327,0.0037,0.1050,0.1050,0.0250,0.5000,0.5000,0.0100,0.0100,0.0100,0.0000,0.0000
btc-updown-5m-1774106400,UP,70499.85,70574.74,70540.80,70622.44,57,0.7882,0.0084,0.8150,0.9150,0.9550,0.5000,0.5000,0.0100,0.0100,0.0100,0.0000,0.0000
btc-updown-5m-1774106700,UP,70574.74,70641.44,70622.44,70670.47,47,0.7784,0.0109,0.4550,0.6950,0.9350,0.9350,0.9800,0.0100,0.0100,0.0100,0.0100,0.0200
btc-updown-5m-1774107000,UP,70641.44,70733.10,70670.47,70759.99,58,0.6334,0.0081,0.4150,0.6050,0.8950,0.5000,0.5000,0.0300,0.0100,0.0100,0.0000,0.0000
btc-updown-5m-1774107300,DOWN,70733.10,70662.34,70759.99,70629.10,58,0.1681,0.0080,0.1350,0.0650,0.0150,0.5000,0.0015,0.0100,0.0100,0.0100,0.0000,0.0010
btc-updown-5m-1774107600,DOWN,70662.34,70653.23,70629.10,70656.63,59,0.7964,0.0175,0.6600,0.8350,0.8650,0.9450,0.9500,0.0200,0.0100,0.0100,0.0100,0.0200
btc-updown-5m-1774107900,DOWN,70653.23,70408.48,70656.63,70638.85,18,0.6150,0.0100,0.6050,0.5950,0.5950,0.5950,0.5950,0.0100,0.0100,0.0100,0.0100,0.0100
btc-updown-5m-1774111500,DOWN,70408.48,68867.10,70638.85,70431.43,2,0.9700,0.0100,0.9650,0.9650,0.9650,0.9750,0.9750,0.0100,0.0100,0.0100,0.0100,0.0100
btc-updown-5m-1774143600,UP,68867.10,69129.56,70431.43,68871.66,12,0.7583,0.0133,0.7450,0.7450,0.8250,0.6500,0.6500,0.0100,0.0100,0.0100,0.0200,0.0200
btc-updown-5m-1774148400,DOWN,69129.56,69116.63,68871.66,69131.33,3,0.5000,0.0000,0.5000,0.5000,0.5000,0.5000,0.5000,0.0000,0.0000,0.0000,0.0000,0.0000
btc-updown-5m-1774148700,DOWN,69116.63,68796.46,69131.33,69125.97,2,0.5000,0.0100,0.4950,0.4950,0.4950,0.4950,0.4950,0.0100,0.0100,0.0100,0.0100,0.0100
btc-updown-5m-1774170300,DOWN,68796.46,68778.98,69125.97,68820.43,1,0.8850,0.0100,0.8850,0.8850,0.8850,0.8850,0.8850,0.0100,0.0100,0.0100,0.0100,0.0100
btc-updown-5m-1774171200,DOWN,68778.98,68697.84,68820.43,68628.28,35,0.7590,0.0111,0.8250,0.8250,0.9150,0.9000,0.6050,0.0100,0.0100,0.0100,0.0200,0.0500
btc-updown-5m-1774171500,DOWN,68697.84,68637.82,68628.28,68655.10,57,0.3584,0.0133,0.3100,0.4550,0.5350,0.4150,0.0750,0.0200,0.0100,0.0100,0.0100,0.0100
btc-updown-5m-1774171800,UP,68637.82,68754.11,68655.10,68686.16,18,0.6519,0.0139,0.7100,0.7450,0.7450,0.7450,0.7450,0.0200,0.0100,0.0100,0.0100,0.0100
btc-updown-5m-1774172700,UP,68754.11,68788.98,68686.16,68792.88,22,0.7957,0.0114,0.7950,0.7950,0.7950,0.7950,0.9350,0.0100,0.0100,0.0100,0.0100,0.0500
btc-updown-5m-1774173000,DOWN,68788.98,68781.98,68792.88,68783.96,4,0.4150,0.0100,0.4550,0.4550,0.4550,0.4550,0.4550,0.0100,0.0100,0.0100,0.0100,0.0100
btc-updown-5m-1774173000,UP,68767.85,68808.63,68805.51,68828.30,24,0.7723,0.0096,0.7250,0.7250,0.7250,0.8550,0.9650,0.0100,0.0100,0.0100,0.0100,0.0100
btc-updown-5m-1774173300,UP,68808.63,68817.68,68828.30,68823.05,58,0.5070,0.0143,0.6050,0.3300,0.5850,0.7150,0.5200,0.0100,0.0200,0.0100,0.0100,0.0200
btc-updown-5m-1774173600,UP,68817.68,68818.06,68823.05,68834.93,59,0.3190,0.0132,0.2250,0.1650,0.2750,0.2250,0.7850,0.0100,0.0100,0.0100,0.0100,0.0300
btc-updown-5m-1774173900,DOWN,68818.06,68702.73,68834.93,68705.16,58,0.2884,0.0090,0.1150,0.0550,0.0250,0.5000,0.5000,0.0300,0.0100,0.0100,0.0000,0.0000
btc-updown-5m-1774174200,UP,68702.73,68731.46,68705.16,68742.42,59,0.6393,0.0112,0.4450,0.6550,0.6550,0.9250,0.9850,0.0100,0.0100,0.0100,0.0300,0.0100
btc-updown-5m-1774174500,DOWN,68731.46,68690.70,68742.42,68705.74,58,0.3518,0.0116,0.3000,0.1750,0.3750,0.5450,0.0750,0.0200,0.0100,0.0100,0.0100,0.0100
btc-updown-5m-1774174800,UP,68690.70,68722.33,68705.74,68735.00,59,0.6846,0.0112,0.6350,0.7850,0.7150,0.7900,0.9850,0.0100,0.0100,0.0100,0.0200,0.0100
btc-updown-5m-1774175100,DOWN,68722.33,68714.66,68735.00,68734.99,58,0.4624,0.0124,0.2850,0.4900,0.5450,0.6050,0.4700,0.0100,0.0200,0.0100,0.0100,0.0200
btc-updown-5m-1774175400,DOWN,68714.66,68628.03,68734.99,68714.32,50,0.5916,0.0152,0.8150,0.7950,0.2850,0.2950,0.1950,0.0100,0.0100,0.0100,0.0100,0.0100
btc-updown-5m-1774175700,UP,68628.03,68642.43,68714.32,68657.89,38,0.3564,0.0134,0.4350,0.4950,0.3750,0.1950,0.0150,0.0100,0.0100,0.0100,0.0100,0.0100
btc-updown-5m-1774176000,DOWN,68642.43,68593.70,68657.89,68624.01,58,0.3172,0.0100,0.2950,0.2550,0.3350,0.0550,0.5000,0.0100,0.0100,0.0100,0.0100,0.0000
btc-updown-5m-1774176300,UP,68593.70,68617.49,68624.01,68610.01,59,0.7137,0.0156,0.5850,0.7750,0.7850,0.9450,0.7750,0.0100,0.0100,0.0100,0.0100,0.0100
btc-updown-5m-1774176600,UP,68617.49,68808.42,68610.01,68806.58,45,0.6691,0.0133,0.5150,0.5900,0.9250,0.8950,0.8950,0.0100,0.0200,0.0100,0.0100,0.0100
btc-updown-5m-1774185900,DOWN,68808.42,68798.58,68806.58,68806.70,24,0.8037,0.0117,0.7000,0.7000,0.7000,0.8150,0.9050,0.0200,0.0200,0.0200,0.0100,0.0100
btc-updown-5m-1774186200,DOWN,68798.58,68695.82,68806.70,68692.69,58,0.4698,0.0090,0.7850,0.6350,0.0650,0.5000,0.5000,0.0100,0.0100,0.0100,0.0000,0.0000
btc-updown-5m-1774186500,DOWN,68695.82,68673.10,68692.69,68653.28,59,0.2705,0.0132,0.3950,0.0850,0.1250,0.2050,0.3850,0.0100,0.0100,0.0100,0.0100,0.0100
btc-updown-5m-1774186800,DOWN,68673.10,68610.04,68653.28,68627.93,58,0.2474,0.0114,0.3850,0.3450,0.0950,0.0350,0.0650,0.0100,0.0100,0.0100,0.0100,0.0100
btc-updown-5m-1774187100,UP,68610.04,68669.29,68627.93,68664.18,59,0.6372,0.0110,0.5850,0.4350,0.6550,0.9550,0.9650,0.0100,0.0100,0.0100,0.0100,0.0100
btc-updown-5m-1774187400,UP,68669.29,68715.91,68664.18,68743.99,58,0.5070,0.0119,0.3450,0.5450,0.4850,0.7850,0.9250,0.0100,0.0100,0.0100,0.0100,0.0100
btc-updown-5m-1774187700,UP,68715.91,68721.71,68743.99,68700.01,59,0.3427,0.0125,0.5250,0.4350,0.2250,0.2450,0.1150,0.0100,0.0100,0.0100,0.0100,0.0100
btc-updown-5m-1774188000,DOWN,68721.71,68287.87,68700.01,68711.92,20,0.6120,0.0110,0.6250,0.5950,0.5950,0.5950,0.5950,0.0100,0.0100,0.0100,0.0100,0.0100
btc-updown-5m-1774212600,DOWN,68287.87,68196.04,68711.92,68200.38,44,0.2685,0.0056,0.0650,0.0350,0.0150,0.5000,0.5000,0.0100,0.0100,0.0100,0.0000,0.0000
btc-updown-5m-1774212900,DOWN,68196.04,68175.12,68200.38,68176.47,58,0.3871,0.0107,0.3250,0.4800,0.5550,0.2650,0.2300,0.0100,0.0200,0.0100,0.0100,0.0200
btc-updown-5m-1774213200,DOWN,68175.12,67897.69,68176.47,68183.43,10,0.5810,0.0100,0.5950,0.5950,0.5950,0.5950,0.5950,0.0100,0.0100,0.0100,0.0100,0.0100
btc-updown-5m-1774213500,DOWN,67897.69,67883.98,68183.43,67852.72,23,0.1195,0.0044,0.0455,0.0455,0.0455,0.0085,0.0030,0.0090,0.0090,0.0090,0.0030,0.0020
btc-updown-5m-1774213800,DOWN,67883.98,67738.22,67852.72,67792.94,58,0.2851,0.0109,0.4050,0.2650,0.1600,0.0250,0.5000,0.0100,0.0100,0.0200,0.0100,0.0000
btc-updown-5m-1774214100,DOWN,67738.22,67482.09,67792.94,67430.36,58,0.2388,0.0100,0.3950,0.1750,0.0350,0.0250,0.5000,0.0100,0.0100,0.0100,0.0100,0.0000
btc-updown-5m-1774214400,UP,67482.09,67631.43,67430.36,67537.52,31,0.6831,0.0145,0.5650,0.7750,0.9350,0.9350,0.9350,0.0300,0.0100,0.0100,0.0100,0.0100
btc-updown-5m-1774214700,UP,67631.43,67804.37,67537.52,67801.67,45,0.7201,0.0069,0.5650,0.7450,0.9450,0.5000,0.5000,0.0100,0.0100,0.0100,0.0000,0.0000
btc-updown-5m-1774215000,DOWN,67804.37,67719.03,67801.67,67738.34,58,0.2849,0.0098,0.2950,0.3950,0.2550,0.0450,0.5000,0.0100,0.0100,0.0100,0.0100,0.0000
btc-updown-5m-1774215300,UP,67719.03,67926.50,67738.34,67943.62,58,0.5785,0.0074,0.5650,0.4050,0.9550,0.5000,0.5000,0.0100,0.0100,0.0100,0.0000,0.0000
btc-updown-5m-1774215600,DOWN,67926.50,67831.81,67943.62,67936.89,4,0.4600,0.0100,0.4750,0.4750,0.4750,0.4750,0.4750,0.0100,0.0100,0.0100,0.0100,0.0100
btc-updown-5m-1774249800,UP,67831.81,67948.00,67936.89,67933.54,41,0.8509,0.0080,0.8150,0.8950,0.9750,0.9850,0.5000,0.0100,0.0100,0.0100,0.0100,0.0000
btc-updown-5m-1774250100,UP,67948.00,68351.12,67933.54,67985.44,56,0.5142,0.0112,0.3150,0.4250,0.5800,0.5850,0.8050,0.0100,0.0100,0.0200,0.0100,0.0100
btc-updown-5m-1774252200,UP,68351.12,68390.39,67985.44,68420.00,45,0.6451,0.0098,0.5250,0.6750,0.5150,0.7850,0.9450,0.0100,0.0100,0.0100,0.0100,0.0100
btc-updown-5m-1774252500,DOWN,68390.39,68312.00,68420.00,68356.13,58,0.3519,0.0086,0.5450,0.3350,0.0850,0.5000,0.5000,0.0100,0.0100,0.0100,0.0000,0.0000
btc-updown-5m-1774252800,UP,68312.00,68421.41,68356.13,68436.30,59,0.7874,0.0093,0.6850,0.7850,0.9450,0.9850,0.9850,0.0100,0.0100,0.0100,0.0100,0.0100
btc-updown-5m-1774253100,UP,68421.41,68528.48,68436.30,68525.90,58,0.6909,0.0100,0.3850,0.8050,0.8650,0.7350,0.5000,0.0100,0.0100,0.0100,0.0100,0.0000
btc-updown-5m-1774253400,UP,68528.48,68632.68,68525.90,68651.16,58,0.5797,0.0102,0.3650,0.4250,0.6150,0.8450,0.5000,0.0100,0.0300,0.0100,0.0100,0.0000
btc-updown-5m-1774253700,DOWN,68632.68,68448.80,68651.16,68504.90,37,0.2893,0.0057,0.4950,0.1650,0.0350,0.5000,0.5000,0.0100,0.0100,0.0100,0.0000,0.0000
btc-updown-5m-1774259400,DOWN,68169.95,68165.68,68199.62,68192.57,28,0.4484,0.0132,0.5300,0.5300,0.4350,0.4450,0.2500,0.0200,0.0200,0.0100,0.0100,0.0400
btc-updown-5m-1774259700,UP,68165.68,68259.61,68192.57,68334.01,58,0.7840,0.0090,0.6450,0.9050,0.9650,0.9750,0.5000,0.0100,0.0100,0.0100,0.0100,0.0000
btc-updown-5m-1774260000,UP,68259.61,68385.10,68334.01,68456.97,59,0.6055,0.0107,0.6350,0.3350,0.9050,0.9150,0.9550,0.0100,0.0100,0.0100,0.0100,0.0100
btc-updown-5m-1774260300,UP,68385.10,68627.94,68456.97,68629.05,58,0.6743,0.0093,0.7250,0.7150,0.7150,0.9650,0.5000,0.0100,0.0100,0.0100,0.0100,0.0000
btc-updown-5m-1774260600,DOWN,68627.94,68622.26,68629.05,68602.79,59,0.6168,0.0108,0.4650,0.7950,0.7150,0.8250,0.6850,0.0100,0.0100,0.0100,0.0100,0.0100
btc-updown-5m-1774260900,DOWN,68622.26,68529.58,68602.79,68523.50,58,0.4146,0.0112,0.3650,0.4650,0.5450,0.5450,0.1750,0.0100,0.0100,0.0100,0.0100,0.0100
btc-updown-5m-1774261200,DOWN,68529.58,68425.79,68523.50,68444.33,58,0.2584,0.0086,0.2750,0.1750,0.0750,0.5000,0.5000,0.0100,0.0100,0.0100,0.0000,0.0000
btc-updown-5m-1774261500,UP,68425.79,68435.18,68444.33,68461.68,59,0.5946,0.0108,0.6600,0.6950,0.5250,0.5850,0.5050,0.0200,0.0100,0.0100,0.0100,0.0100
btc-updown-5m-1774261800,DOWN,68435.18,68416.18,68461.68,68425.32,58,0.4304,0.0105,0.4650,0.2650,0.5250,0.6350,0.2850,0.0100,0.0100,0.0100,0.0100,0.0100
btc-updown-5m-1774262100,DOWN,68416.18,68315.54,68425.32,68330.76,59,0.5206,0.0090,0.7550,0.5350,0.4650,0.4750,0.5000,0.0100,0.0100,0.0100,0.0100,0.0000
btc-updown-5m-1774262400,UP,68315.54,68357.02,68330.76,68418.69,58,0.6678,0.0103,0.4350,0.5350,0.9450,0.9450,0.9750,0.0100,0.0100,0.0100,0.0100,0.0100
btc-updown-5m-1774262700,UP,68357.02,68368.77,68418.69,68397.35,58,0.4405,0.0107,0.4350,0.4550,0.5350,0.2750,0.0650,0.0100,0.0100,0.0100,0.0500,0.0100
btc-updown-5m-1774263000,UP,68368.77,68500.30,68397.35,68516.81,59,0.7847,0.0082,0.8750,0.8950,0.9750,0.5000,0.5000,0.0100,0.0100,0.0100,0.0000,0.0000
btc-updown-5m-1774263300,UP,68500.30,68527.71,68516.81,68563.66,58,0.6797,0.0114,0.4650,0.5050,0.7850,0.9550,0.9400,0.0100,0.0100,0.0100,0.0100,0.0200
btc-updown-5m-1774263600,UP,68527.71,68543.94,68563.66,68574.12,58,0.8184,0.0129,0.7950,0.8950,0.8550,0.6000,0.7700,0.0100,0.0100,0.0100,0.0600,0.0200
btc-updown-5m-1774263900,UP,68543.94,70914.47,68574.12,71228.07,59,0.5903,0.0034,0.9850,0.5000,0.5000,0.5000,0.5000,0.0100,0.0000,0.0000,0.0000,0.0000
btc-updown-5m-1774264200,UP,70914.47,70926.04,71228.07,70954.00,59,0.4430,0.0154,0.1700,0.2250,0.7550,0.5700,0.0950,0.0200,0.0300,0.0100,0.0200,0.0100
btc-updown-5m-1774264500,DOWN,70926.04,70679.60,70954.00,70722.44,58,0.4428,0.0126,0.6550,0.4250,0.4200,0.0950,0.0150,0.0100,0.0100,0.0200,0.0100,0.0100
btc-updown-5m-1774264800,DOWN,70679.60,70459.72,70722.44,70551.84,58,0.4703,0.0119,0.6350,0.6550,0.5050,0.0150,0.5000,0.0100,0.0100,0.0100,0.0100,0.0000
btc-updown-5m-1774265100,UP,70459.72,70655.97,70551.84,70732.00,59,0.8085,0.0129,0.7850,0.8250,0.8750,0.9650,0.8550,0.0100,0.0100,0.0100,0.0100,0.0100
btc-updown-5m-1774265400,UP,70655.97,71041.74,70732.00,71003.35,58,0.7295,0.0079,0.7950,0.8150,0.9550,0.5000,0.5000,0.0100,0.0100,0.0100,0.0000,0.0000
btc-updown-5m-1774265700,DOWN,71041.74,70657.69,71003.35,70644.16,59,0.3328,0.0069,0.3350,0.1050,0.0150,0.5000,0.5000,0.0100,0.0100,0.0100,0.0000,0.0000
btc-updown-5m-1774266000,DOWN,70657.69,70641.63,70644.16,70677.87,58,0.6388,0.0138,0.6850,0.4700,0.7350,0.8750,0.9500,0.0100,0.0200,0.0100,0.0100,0.0200
btc-updown-5m-1774266300,DOWN,70641.63,70363.26,70677.87,70417.58,58,0.3527,0.0078,0.3550,0.0450,0.0150,0.5000,0.5000,0.0100,0.0100,0.0100,0.0000,0.0000
btc-updown-5m-1774266600,UP,70363.26,70536.70,70417.58,70492.48,59,0.4169,0.0134,0.3850,0.3550,0.1950,0.4800,0.7850,0.0100,0.0100,0.0100,0.0200,0.0500
btc-updown-5m-1774266900,DOWN,70536.70,70093.56,70492.48,70127.02,58,0.1143,0.0083,0.0550,0.0450,0.0150,0.0035,0.5000,0.0100,0.0100,0.0100,0.0050,0.0000
btc-updown-5m-1774267200,DOWN,70093.56,69977.47,70127.02,69928.62,59,0.2181,0.0105,0.3450,0.1150,0.0150,0.0150,0.0150,0.0100,0.0100,0.0100,0.0100,0.0100
btc-updown-5m-1774267500,UP,69977.47,70001.92,69928.62,70078.24,58,0.4968,0.0116,0.3050,0.4550,0.2350,0.7450,0.8950,0.0100,0.0300,0.0100,0.0100,0.0100
btc-updown-5m-1774267800,UP,70001.92,70011.35,70078.24,69979.10,58,0.4865,0.0126,0.5950,0.6050,0.6150,0.4250,0.2150,0.0100,0.0100,0.0100,0.0100,0.0100
btc-updown-5m-1774268100,UP,70011.35,70754.93,69979.10,70145.07,22,0.7057,0.0105,0.7350,0.7950,0.7950,0.7950,0.7950,0.0100,0.0100,0.0100,0.0100,0.0100
btc-updown-5m-1774270800,DOWN,70754.93,70694.65,70145.07,70687.90,40,0.3540,0.0145,0.4350,0.5250,0.3650,0.6450,0.2500,0.0100,0.0100,0.0100,0.0500,0.0200
btc-updown-5m-1774271100,DOWN,70694.65,70637.77,70687.90,70645.47,59,0.3636,0.0119,0.4000,0.3150,0.2850,0.4950,0.0850,0.0200,0.0100,0.0100,0.0100,0.0100
btc-updown-5m-1774271400,UP,70637.77,70823.43,70645.47,70731.40,25,0.6178,0.0108,0.6250,0.8050,0.7850,0.7850,0.7850,0.0100,0.0100,0.0100,0.0100,0.0100
btc-updown-5m-1774272000,DOWN,70823.43,70815.75,70731.40,70868.02,36,0.8254,0.0108,0.8150,0.7950,0.7850,0.9200,0.5000,0.0100,0.0100,0.0100,0.0200,0.0000
btc-updown-5m-1774272300,DOWN,70815.75,70786.96,70868.02,70789.11,58,0.3463,0.0119,0.2750,0.3450,0.2950,0.3550,0.0650,0.0100,0.0100,0.0100,0.0100,0.0100
btc-updown-5m-1774272600,DOWN,70786.96,70726.21,70789.11,70755.27,58,0.3573,0.0140,0.3350,0.3250,0.2000,0.4850,0.3000,0.0100,0.0100,0.0200,0.0100,0.0200
btc-updown-5m-1774272900,UP,70726.21,71136.30,70755.27,71154.00,58,0.6808,0.0088,0.4750,0.7050,0.9550,0.5000,0.5000,0.0100,0.0100,0.0100,0.0000,0.0000
btc-updown-5m-1774273200,UP,71136.30,71294.45,71154.00,71208.04,59,0.5537,0.0115,0.4800,0.5150,0.7250,0.5000,0.5000,0.0200,0.0100,0.0100,0.0000,0.0000
btc-updown-5m-1774273500,DOWN,71294.45,71074.33,71208.04,71160.40,58,0.3046,0.0116,0.5900,0.3850,0.1350,0.0350,0.5000,0.0200,0.0100,0.0100,0.0100,0.0000
btc-updown-5m-1774273800,UP,71074.33,71334.46,71160.40,71328.17,58,0.7646,0.0067,0.7850,0.9850,0.5000,0.9895,0.9960,0.0100,0.0100,0.0000,0.0010,0.0060
btc-updown-5m-1774274100,UP,71334.46,71434.78,71328.17,71488.28,59,0.5256,0.0098,0.4550,0.2550,0.5950,0.9050,0.9750,0.0100,0.0100,0.0100,0.0100,0.0100
btc-updown-5m-1774274400,UP,71434.78,71608.34,71488.28,71700.00,29,0.5926,0.0128,0.5750,0.8050,0.7750,0.7750,0.7750,0.0100,0.0100,0.0100,0.0100,0.0100
btc-updown-5m-1774275000,DOWN,71608.34,71527.67,71700.00,71529.83,39,0.2771,0.0121,0.4600,0.2850,0.2150,0.1650,0.5000,0.0400,0.0100,0.0100,0.0100,0.0000
btc-updown-5m-1774275300,UP,71527.67,71585.30,71529.83,71552.51,58,0.8047,0.0116,0.7650,0.7550,0.9250,0.8850,0.8950,0.0100,0.0100,0.0100,0.0100,0.0100
btc-updown-5m-1774275600,DOWN,71585.30,71515.71,71552.51,71496.41,58,0.2916,0.0133,0.2500,0.2350,0.1350,0.2650,0.3650,0.0200,0.0100,0.0100,0.0100,0.0100
btc-updown-5m-1774275900,DOWN,71515.71,71348.30,71496.41,71356.03,59,0.3372,0.0100,0.3950,0.2050,0.1950,0.0250,0.5000,0.0100,0.0100,0.0100,0.0100,0.0000
btc-updown-5m-1774276200,DOWN,71348.30,71236.55,71356.03,71262.00,58,0.4589,0.0129,0.5550,0.4500,0.4950,0.2350,0.0150,0.0100,0.0200,0.0100,0.0300,0.0100
btc-updown-5m-1774276500,UP,71236.55,71504.79,71262.00,71490.94,58,0.7138,0.0083,0.8250,0.7350,0.8350,0.5000,0.5000,0.0100,0.0100,0.0100,0.0000,0.0000
btc-updown-5m-1774276800,DOWN,71504.79,71394.00,71490.94,71379.01,59,0.2836,0.0098,0.2650,0.2050,0.3550,0.1050,0.0150,0.0100,0.0100,0.0100,0.0100,0.0100
btc-updown-5m-1774277100,DOWN,71394.00,71175.57,71379.01,71205.26,58,0.2982,0.0102,0.2550,0.2950,0.3100,0.0150,0.5000,0.0100,0.0100,0.0200,0.0100,0.0000
btc-updown-5m-1774277400,UP,71175.57,71201.30,71205.26,71240.91,58,0.5300,0.0138,0.3950,0.4950,0.2850,0.6750,0.6350,0.0100,0.0100,0.0100,0.0100,0.0100
btc-updown-5m-1774277700,UP,71201.30,71463.26,71240.91,71466.70,56,0.6832,0.0071,0.5250,0.8950,0.9650,0.5000,0.5000,0.0100,0.0100,0.0100,0.0000,0.0000
btc-updown-5m-1774278000,UP,71463.26,71575.26,71466.70,71562.24,58,0.7822,0.0105,0.6450,0.8200,0.9850,0.9750,0.9750,0.0100,0.0200,0.0100,0.0100,0.0100
btc-updown-5m-1774278300,DOWN,71575.26,71503.51,71562.24,71432.20,59,0.2861,0.0108,0.4450,0.2150,0.3050,0.0450,0.0950,0.0100,0.0100,0.0300,0.0100,0.0100
btc-updown-5m-1774278600,DOWN,71503.51,71360.26,71432.20,71364.01,58,0.3057,0.0107,0.3950,0.3900,0.2350,0.0750,0.0150,0.0100,0.0200,0.0100,0.0300,0.0100
btc-updown-5m-1774278900,DOWN,71360.26,71119.36,71364.01,71114.29,58,0.3380,0.0074,0.4900,0.2250,0.0250,0.5000,0.5000,0.0200,0.0100,0.0100,0.0000,0.0000
btc-updown-5m-1774279200,DOWN,71119.36,71021.37,71114.29,71020.01,59,0.2851,0.0125,0.3350,0.2050,0.2750,0.2350,0.0250,0.0100,0.0100,0.0100,0.0100,0.0100
btc-updown-5m-1774279500,DOWN,71021.37,70859.89,71020.01,70900.14,58,0.2656,0.0119,0.4350,0.2150,0.0650,0.0150,0.5000,0.0100,0.0100,0.0100,0.0100,0.0000
btc-updown-5m-1774279800,UP,70859.89,70949.62,70900.14,70931.68,34,0.5378,0.0109,0.4450,0.5050,0.6150,0.6150,0.6150,0.0100,0.0100,0.0100,0.0100,0.0100
btc-updown-5m-1774293000,DOWN,70949.62,70921.16,70931.68,70949.28,38,0.3051,0.0097,0.4150,0.4150,0.3850,0.0750,0.0250,0.0100,0.0100,0.0100,0.0100,0.0100
btc-updown-5m-1774293300,UP,70921.16,70963.76,70949.28,70904.32,11,0.4873,0.0109,0.3600,0.3600,0.3600,0.3600,0.3600,0.0200,0.0200,0.0200,0.0200,0.0200
btc-updown-5m-1774293600,UP,70963.76,71017.82,70904.32,70904.32,1,0.9450,0.0100,0.9450,0.9450,0.9450,0.9450,0.9450,0.0100,0.0100,0.0100,0.0100,0.0100
btc-updown-5m-1774294200,DOWN,71017.82,70977.53,70904.32,70972.75,20,0.3768,0.0115,0.4850,0.4850,0.4850,0.4950,0.1100,0.0100,0.0100,0.0100,0.0100,0.0200
btc-updown-5m-1774294500,DOWN,70977.53,70922.20,70972.75,70941.55,58,0.3411,0.0109,0.4550,0.5350,0.2750,0.3450,0.0250,0.0100,0.0100,0.0100,0.0100,0.0100
btc-updown-5m-1774294800,DOWN,70922.20,70889.94,70941.55,70927.99,59,0.2092,0.0117,0.3300,0.1450,0.0550,0.0450,0.0650,0.0200,0.0100,0.0100,0.0100,0.0100
btc-updown-5m-1774295100,DOWN,70889.94,70840.34,70927.99,70846.00,58,0.4517,0.0107,0.7250,0.5900,0.2050,0.1950,0.0150,0.0100,0.0200,0.0300,0.0100,0.0100
btc-updown-5m-1774295400,DOWN,70840.34,70733.99,70846.00,70758.73,59,0.2258,0.0095,0.2950,0.1350,0.0950,0.0150,0.5000,0.0100,0.0100,0.0100,0.0100,0.0000
btc-updown-5m-1774295700,DOWN,70733.99,70664.78,70758.73,70730.24,58,0.2552,0.0089,0.2950,0.1650,0.1350,0.5000,0.5000,0.0100,0.0100,0.0100,0.0000,0.0000
btc-updown-5m-1774296000,DOWN,70664.78,70631.03,70730.24,70645.31,58,0.2629,0.0117,0.2550,0.2200,0.1050,0.2750,0.0250,0.0100,0.0200,0.0100,0.0100,0.0100
btc-updown-5m-1774296300,UP,70631.03,70640.94,70645.31,70708.27,59,0.5155,0.0114,0.4550,0.4750,0.3550,0.3450,0.2850,0.0100,0.0100,0.0100,0.0100,0.0100
btc-updown-5m-1774296600,UP,70640.94,70757.47,70708.27,70798.43,58,0.7735,0.0088,0.7250,0.8750,0.9450,0.9850,0.5000,0.0100,0.0100,0.0100,0.0100,0.0000
btc-updown-5m-1774296900,DOWN,70757.47,70740.35,70798.43,70746.06,58,0.3535,0.0109,0.6400,0.4050,0.1750,0.1950,0.0750,0.0200,0.0100,0.0100,0.0100,0.0100
btc-updown-5m-1774297200,UP,70740.35,70781.96,70746.06,70758.60,27,0.5439,0.0100,0.5150,0.6650,0.6150,0.6150,0.6150,0.0100,0.0100,0.0100,0.0100,0.0100
btc-updown-5m-1774297500,UP,70781.96,70781.96,70758.60,70811.16,3,0.8133,0.0067,0.9550,0.9550,0.9550,0.9550,0.9550,0.0100,0.0100,0.0100,0.0100,0.0100
btc-updown-5m-1774297800,UP,70781.96,70834.07,70811.16,70878.05,59,0.6386,0.0100,0.4750,0.5250,0.7950,0.8450,0.9650,0.0100,0.0100,0.0100,0.0100,0.0100
btc-updown-5m-1774298100,UP,70834.07,70899.11,70878.05,70920.62,58,0.7872,0.0107,0.6650,0.9050,0.9250,0.7950,0.9750,0.0100,0.0100,0.0100,0.0100,0.0100
btc-updown-5m-1774298400,UP,70899.11,70916.35,70920.62,70949.27,58,0.5150,0.0110,0.4550,0.3450,0.4650,0.4950,0.9350,0.0100,0.0100,0.0100,0.0100,0.0100
btc-updown-5m-1774298700,DOWN,70916.35,70893.35,70949.27,70894.00,59,0.3112,0.0102,0.4250,0.2250,0.2950,0.3150,0.0550,0.0100,0.0100,0.0100,0.0100,0.0100
btc-updown-5m-1774299000,UP,70893.35,70903.97,70894.00,70933.42,58,0.6666,0.0105,0.2850,0.6950,0.6850,0.8250,0.9350,0.0100,0.0100,0.0100,0.0100,0.0100
btc-updown-5m-1774299300,DOWN,70903.97,70887.26,70933.42,70917.36,58,0.3479,0.0107,0.4850,0.2650,0.3350,0.4850,0.0750,0.0100,0.0100,0.0100,0.0100,0.0100
btc-updown-5m-1774299600,UP,70887.26,70893.56,70917.36,70865.84,59,0.6553,0.0134,0.7450,0.7450,0.6650,0.8050,0.2650,0.0100,0.0300,0.0100,0.0100,0.0100
btc-updown-5m-1774299900,DOWN,70893.56,70891.72,70865.84,70880.00,58,0.8017,0.0100,0.6650,0.8050,0.8700,0.9250,0.9350,0.0100,0.0100,0.0200,0.0100,0.0100
btc-updown-5m-1774300200,DOWN,70891.72,70813.10,70880.00,70837.54,58,0.3566,0.0112,0.4050,0.4450,0.2750,0.1050,0.5000,0.0100,0.0100,0.0300,0.0100,0.0000
btc-updown-5m-1774300500,UP,70813.10,70850.27,70837.54,70869.35,59,0.8081,0.0122,0.8550,0.8050,0.7950,0.9050,0.9750,0.0100,0.0100,0.0100,0.0100,0.0100
btc-updown-5m-1774300800,UP,70850.27,70887.54,70869.35,70912.16,58,0.6078,0.0098,0.5050,0.5750,0.4950,0.9550,0.9750,0.0100,0.0100,0.0100,0.0100,0.0100
btc-updown-5m-1774301100,DOWN,70887.54,70879.38,70912.16,70894.08,59,0.2755,0.0114,0.4850,0.1850,0.1550,0.1150,0.0650,0.0100,0.0100,0.0100,0.0100,0.0100
btc-updown-5m-1774301400,UP,70879.38,70941.89,70894.08,70983.26,58,0.6247,0.0105,0.3450,0.5750,0.5850,0.9750,0.5000,0.0100,0.0100,0.0100,0.0100,0.0000
btc-updown-5m-1774301700,DOWN,70941.89,70511.38,70983.26,70979.16,2,0.4600,0.0100,0.4650,0.4650,0.4650,0.4650,0.4650,0.0100,0.0100,0.0100,0.0100,0.0100
btc-updown-5m-1774320300,DOWN,70511.38,70427.06,70979.16,70566.40,1,0.4250,0.0100,0.4250,0.4250,0.4250,0.4250,0.4250,0.0100,0.0100,0.0100,0.0100,0.0100
btc-updown-5m-1774321200,UP,70427.06,70880.95,70566.40,70444.56,8,0.5200,0.0100,0.4650,0.5650,0.5650,0.5650,0.5650,0.0100,0.0100,0.0100,0.0100,0.0100
btc-updown-5m-1774336200,DOWN,70880.95,70831.43,70444.56,70831.32,19,0.8245,0.0132,0.7900,0.7900,0.7900,0.7350,0.9600,0.0400,0.0400,0.0400,0.0100,0.0200
btc-updown-5m-1774336500,UP,70831.43,70833.69,70831.32,70913.99,58,0.6745,0.0128,0.4600,0.7850,0.8450,0.8450,0.9350,0.0200,0.0100,0.0100,0.0300,0.0100
btc-updown-5m-1774336800,UP,70833.69,70837.23,70913.99,70927.81,57,0.7297,0.0114,0.4750,0.7200,0.8000,0.9750,0.9350,0.0100,0.0200,0.0200,0.0100,0.0100
btc-updown-5m-1774338300,UP,70837.23,70918.80,70927.81,70944.26,27,0.3730,0.0096,0.1450,0.1450,0.3250,0.1850,0.8350,0.0100,0.0100,0.0100,0.0100,0.0100
btc-updown-5m-1774338600,UP,70918.80,71025.71,70944.26,71022.27,58,0.6894,0.0105,0.4650,0.8650,0.8750,0.8750,0.9850,0.0100,0.0100,0.0100,0.0100,0.0100
btc-updown-5m-1774338900,UP,71025.71,71280.32,71022.27,71289.28,59,0.6162,0.0066,0.5600,0.7650,0.9850,0.5000,0.5000,0.0200,0.0100,0.0100,0.0000,0.0000
btc-updown-5m-1774339200,DOWN,71280.32,71172.93,71289.28,71169.51,58,0.2466,0.0109,0.4250,0.1250,0.0550,0.0250,0.5000,0.0100,0.0100,0.0100,0.0100,0.0000
btc-updown-5m-1774339500,DOWN,71172.93,71105.68,71169.51,71140.01,59,0.4864,0.0114,0.4950,0.7150,0.7050,0.2150,0.1650,0.0300,0.0100,0.0100,0.0100,0.0100
btc-updown-5m-1774339800,UP,71105.68,71121.56,71140.01,71132.08,58,0.4841,0.0119,0.2550,0.4300,0.4750,0.7900,0.5950,0.0100,0.0200,0.0100,0.0200,0.0100
btc-updown-5m-1774340100,DOWN,71121.56,70939.29,71132.08,70945.10,59,0.2944,0.0092,0.3750,0.1650,0.0550,0.5000,0.5000,0.0100,0.0100,0.0100,0.0000,0.0000
btc-updown-5m-1774340400,DOWN,70939.29,70896.01,70945.10,70922.69,58,0.4469,0.0114,0.2450,0.2150,0.5250,0.7600,0.5450,0.0100,0.0100,0.0100,0.0200,0.0100
btc-updown-5m-1774340700,DOWN,70896.01,70882.38,70922.69,70900.00,58,0.4553,0.0129,0.5050,0.5950,0.5050,0.2950,0.2650,0.0100,0.0100,0.0100,0.0100,0.0100
btc-updown-5m-1774341000,UP,70882.38,70937.71,70900.00,70928.67,59,0.6384,0.0134,0.4450,0.4850,0.5850,0.8150,0.9750,0.0100,0.0100,0.0100,0.0300,0.0100
btc-updown-5m-1774341300,UP,70937.71,71020.79,70928.67,71073.47,58,0.7398,0.0090,0.7800,0.9450,0.9650,0.5000,0.5000,0.0200,0.0100,0.0100,0.0000,0.0000
btc-updown-5m-1774341600,UP,71020.79,71046.20,71073.47,71068.93,59,0.2864,0.0142,0.4350,0.3050,0.1350,0.1250,0.5200,0.0100,0.0100,0.0100,0.0100,0.0200
btc-updown-5m-1774341900,DOWN,71046.20,70971.23,71068.93,70991.18,56,0.4520,0.0114,0.4550,0.6350,0.5850,0.2850,0.0950,0.0100,0.0100,0.0100,0.0100,0.0100
btc-updown-5m-1774343400,DOWN,70971.23,70867.43,70991.18,70876.05,54,0.2936,0.0102,0.4450,0.0950,0.3300,0.0550,0.5000,0.0100,0.0100,0.0200,0.0100,0.0000
btc-updown-5m-1774343700,UP,70867.43,70998.02,70876.05,71029.99,58,0.6334,0.0088,0.4050,0.6650,0.8750,0.5000,0.5000,0.0100,0.0100,0.0100,0.0000,0.0000
btc-updown-5m-1774344000,DOWN,70998.02,70933.88,71029.99,70966.53,59,0.2760,0.0086,0.4000,0.2050,0.0650,0.0150,0.5000,0.0200,0.0100,0.0100,0.0100,0.0000
btc-updown-5m-1774344300,UP,70933.88,70996.12,70966.53,71002.13,58,0.7277,0.0105,0.6200,0.6350,0.7650,0.9450,0.9750,0.0200,0.0100,0.0100,0.0100,0.0100
btc-updown-5m-1774344600,UP,70996.12,71006.26,71002.13,71014.33,58,0.6234,0.0119,0.4450,0.5950,0.9100,0.3600,0.7050,0.0100,0.0100,0.0200,0.0200,0.0100
btc-updown-5m-1774344900,UP,71006.26,71056.88,71014.33,71091.26,59,0.6764,0.0103,0.6850,0.6650,0.8600,0.8750,0.5000,0.0100,0.0100,0.0200,0.0100,0.0000
btc-updown-5m-1774345200,UP,71056.88,71222.60,71091.26,71235.65,58,0.7546,0.0084,0.8350,0.9050,0.9750,0.5000,0.5000,0.0100,0.0100,0.0100,0.0000,0.0000
btc-updown-5m-1774345500,DOWN,71222.60,71175.88,71235.65,71228.36,58,0.2845,0.0121,0.4550,0.1850,0.3250,0.3050,0.0250,0.0100,0.0100,0.0100,0.0100,0.0100
btc-updown-5m-1774345800,UP,71175.88,71305.41,71228.36,71326.04,58,0.4112,0.0117,0.4050,0.2550,0.2950,0.8550,0.5000,0.0100,0.0100,0.0100,0.0100,0.0000
btc-updown-5m-1774346100,DOWN,71305.41,71302.92,71326.04,71316.97,58,0.4715,0.0126,0.5650,0.3850,0.3850,0.4600,0.2850,0.0100,0.0100,0.0100,0.0400,0.0100
btc-updown-5m-1774346400,DOWN,71302.92,71280.89,71316.97,71266.69,58,0.1694,0.0105,0.2950,0.2650,0.0350,0.0450,0.0450,0.0100,0.0100,0.0100,0.0100,0.0100
btc-updown-5m-1774346700,UP,71280.89,71301.10,71266.69,71319.15,58,0.6350,0.0100,0.4850,0.5350,0.6750,0.9650,0.5000,0.0100,0.0100,0.0100,0.0100,0.0000
btc-updown-5m-1774347000,DOWN,71301.10,71247.50,71319.15,71247.60,58,0.2254,0.0095,0.2250,0.0950,0.0950,0.0550,0.5000,0.0100,0.0100,0.0100,0.0100,0.0000
btc-updown-5m-1774347300,DOWN,71247.50,71174.10,71247.60,71193.67,58,0.2600,0.0100,0.4650,0.1450,0.0850,0.0200,0.5000,0.0100,0.0100,0.0100,0.0200,0.0000
btc-updown-5m-1774347600,DOWN,71174.10,71149.31,71193.67,71228.79,30,0.5795,0.0110,0.5950,0.7050,0.7650,0.7650,0.7650,0.0100,0.0100,0.0100,0.0100,0.0100
btc-updown-5m-1774347900,DOWN,71149.31,71104.10,71228.79,71114.65,16,0.2959,0.0044,0.0650,0.0650,0.0650,0.0250,0.5000,0.0100,0.0100,0.0100,0.0100,0.0000
btc-updown-5m-1774348200,UP,71104.10,71117.66,71114.65,71104.68,58,0.5855,0.0138,0.4650,0.6050,0.8050,0.7450,0.7400,0.0100,0.0100,0.0100,0.0100,0.0200
btc-updown-5m-1774348500,UP,71117.66,71224.99,71104.68,71243.33,59,0.7547,0.0105,0.8100,0.7050,0.9350,0.9750,0.5000,0.0200,0.0100,0.0100,0.0100,0.0000
btc-updown-5m-1774348800,DOWN,71224.99,71217.27,71243.33,71244.35,58,0.4597,0.0122,0.5150,0.6650,0.2750,0.3250,0.5000,0.0100,0.0300,0.0100,0.0100,0.0200
btc-updown-5m-1774349100,DOWN,71217.27,71155.77,71244.35,71184.25,58,0.2772,0.0084,0.4950,0.1250,0.0750,0.5000,0.5000,0.0100,0.0100,0.0100,0.0000,0.0000
btc-updown-5m-1774349400,UP,71155.77,71175.79,71184.25,71208.58,59,0.6700,0.0122,0.7150,0.7150,0.6450,0.6850,0.6850,0.0100,0.0100,0.0100,0.0100,0.0100
btc-updown-5m-1774349700,UP,71175.79,71252.33,71208.58,71267.73,58,0.7426,0.0086,0.7550,0.7950,0.9050,0.9750,0.5000,0.0100,0.0100,0.0100,0.0100,0.0000
btc-updown-5m-1774350000,DOWN,71252.33,70977.96,71267.73,71023.07,59,0.3334,0.0068,0.3950,0.0350,0.5000,0.5000,0.5000,0.0100,0.0100,0.0000,0.0000,0.0000
btc-updown-5m-1774350300,UP,70977.96,71139.35,71023.07,71179.38,58,0.6888,0.0069,0.6450,0.8050,0.9850,0.5000,0.5000,0.0100,0.0100,0.0100,0.0000,0.0000
btc-updown-5m-1774350600,DOWN,71139.35,71098.59,71179.38,71119.61,58,0.3569,0.0090,0.4450,0.4850,0.0950,0.0250,0.5000,0.0100,0.0100,0.0100,0.0100,0.0000
btc-updown-5m-1774350900,DOWN,71098.59,70988.27,71119.61,71035.99,59,0.2269,0.0083,0.1350,0.0550,0.0350,0.5000,0.5000,0.0100,0.0100,0.0100,0.0000,0.0000
btc-updown-5m-1774351200,UP,70988.27,71017.35,71035.99,71045.99,58,0.5103,0.0136,0.3650,0.2750,0.4350,0.5800,0.7450,0.0100,0.0100,0.0100,0.0200,0.0500
btc-updown-5m-1774351500,UP,71017.35,71050.40,71045.99,71058.91,59,0.5675,0.0110,0.2350,0.4550,0.6850,0.8050,0.9550,0.0100,0.0100,0.0100,0.0100,0.0100
btc-updown-5m-1774351800,UP,71050.40,71108.64,71058.91,71209.87,59,0.6041,0.0105,0.4500,0.5150,0.5850,0.9250,0.9850,0.0400,0.0100,0.0100,0.0100,0.0100
btc-updown-5m-1774352100,UP,71108.64,71197.74,71209.87,71234.38,58,0.5955,0.0100,0.2850,0.3450,0.6050,0.9650,0.9200,0.0100,0.0100,0.0100,0.0100,0.0200
btc-updown-5m-1774352400,UP,71197.74,71251.27,71234.38,71240.09,58,0.7144,0.0112,0.6550,0.7150,0.8750,0.8750,0.8950,0.0100,0.0100,0.0100,0.0100,0.0100
btc-updown-5m-1774352700,UP,71251.27,71290.43,71240.09,71281.15,59,0.7531,0.0114,0.5550,0.7350,0.8950,0.9750,0.9650,0.0100,0.0100,0.0100,0.0100,0.0100
btc-updown-5m-1774353000,DOWN,71290.43,71032.38,71281.15,71098.28,58,0.3321,0.0069,0.4450,0.1250,0.0250,0.5000,0.5000,0.0100,0.0100,0.0100,0.0000,0.0000
btc-updown-5m-1774353300,UP,71032.38,71134.61,71098.28,71157.77,59,0.7169,0.0100,0.5850,0.8050,0.7850,0.8850,0.9850,0.0100,0.0100,0.0100,0.0100,0.0100
btc-updown-5m-1774353600,DOWN,71134.61,71012.84,71157.77,70999.99,58,0.3417,0.0103,0.5150,0.5150,0.0650,0.0150,0.5000,0.0100,0.0100,0.0100,0.0100,0.0000
btc-updown-5m-1774353900,DOWN,71012.84,71012.36,70999.99,71049.69,58,0.5608,0.0136,0.4550,0.6400,0.5950,0.4350,0.7750,0.0100,0.0200,0.0100,0.0100,0.0100
btc-updown-5m-1774354200,UP,71012.36,71054.42,71049.69,71068.12,58,0.5347,0.0138,0.2250,0.1700,0.6450,0.9350,0.8950,0.0100,0.0200,0.0100,0.0100,0.0100
btc-updown-5m-1774354500,UP,71054.42,71058.38,71068.12,71039.76,58,0.3601,0.0122,0.3300,0.2450,0.3050,0.4300,0.4050,0.0200,0.0100,0.0100,0.0200,0.0100
btc-updown-5m-1774354800,DOWN,71058.38,70999.52,71039.76,71064.01,58,0.4669,0.0131,0.5750,0.4450,0.1550,0.2050,0.6650,0.0100,0.0100,0.0100,0.0100,0.0100
btc-updown-5m-1774355100,DOWN,70999.52,70921.75,71064.01,71107.73,28,0.5805,0.0118,0.4850,0.8250,0.8350,0.8350,0.8350,0.0100,0.0100,0.0100,0.0100,0.0100
btc-updown-5m-1774356900,UP,70921.75,70942.71,71107.73,70956.48,5,0.1380,0.0080,0.0650,0.0650,0.0650,0.0650,0.0650,0.0100,0.0100,0.0100,0.0100,0.0100
btc-updown-5m-1774357200,UP,70942.71,70952.05,70956.48,70979.33,59,0.7721,0.0114,0.5950,0.7750,0.9450,0.9750,0.6050,0.0100,0.0100,0.0100,0.0100,0.0300
btc-updown-5m-1774357500,DOWN,70952.05,70739.66,70979.33,70724.47,58,0.4198,0.0083,0.7950,0.4950,0.0950,0.5000,0.5000,0.0100,0.0100,0.0100,0.0000,0.0000
btc-updown-5m-1774357800,UP,70739.66,70781.68,70724.47,70836.10,58,0.7599,0.0091,0.6850,0.8300,0.9650,0.5000,0.5000,0.0100,0.0200,0.0100,0.0000,0.0000
btc-updown-5m-1774358100,DOWN,70781.68,70652.70,70836.10,70602.34,59,0.2883,0.0098,0.3750,0.1650,0.0650,0.5000,0.5000,0.0100,0.0100,0.0100,0.0000,0.0000
btc-updown-5m-1774358400,DOWN,70652.70,70639.02,70602.34,70655.01,58,0.5733,0.0134,0.3450,0.4550,0.5850,0.9150,0.8450,0.0100,0.0100,0.0100,0.0100,0.0100
btc-updown-5m-1774358700,DOWN,70639.02,70577.29,70655.01,70610.74,58,0.4246,0.0105,0.7050,0.7150,0.3000,0.1450,0.0550,0.0100,0.0100,0.0200,0.0100,0.0100
btc-updown-5m-1774359000,UP,70577.29,70721.20,70610.74,70754.42,58,0.7297,0.0119,0.7150,0.8550,0.9650,0.9850,0.5000,0.0100,0.0100,0.0100,0.0100,0.0000
btc-updown-5m-1774359300,DOWN,70721.20,70492.56,70754.42,70475.94,9,0.4839,0.0033,0.4050,0.4050,0.5000,0.5000,0.5000,0.0100,0.0100,0.0000,0.0000,0.0000
btc-updown-5m-1774359600,DOWN,70492.56,70283.71,70475.94,70314.33,58,0.2882,0.0091,0.1850,0.1450,0.2550,0.5000,0.5000,0.0100,0.0100,0.0100,0.0000,0.0000
btc-updown-5m-1774359900,DOWN,70283.71,70253.97,70314.33,70241.44,59,0.5736,0.0117,0.6350,0.7750,0.7200,0.2150,0.0800,0.0100,0.0100,0.0200,0.0100,0.0200
btc-updown-5m-1774360200,DOWN,70253.97,70122.27,70241.44,70088.00,58,0.2537,0.0164,0.3850,0.2050,0.1250,0.2000,0.0105,0.0100,0.0100,0.0100,0.1000,0.0010
btc-updown-5m-1774360500,DOWN,70122.27,70034.60,70088.00,70100.46,58,0.5546,0.0188,0.6450,0.6650,0.5450,0.2700,0.3250,0.0100,0.0100,0.0100,0.0600,0.0100
btc-updown-5m-1774360800,UP,70034.60,70239.14,70100.46,70310.76,59,0.7753,0.0108,0.8050,0.7750,0.9750,0.9550,0.5000,0.0100,0.0100,0.0100,0.0100,0.0000
btc-updown-5m-1774361100,UP,70239.14,70289.55,70310.76,70326.87,58,0.6285,0.0126,0.2950,0.4650,0.8100,0.8300,0.6050,0.0100,0.0100,0.0200,0.0200,0.0100
btc-updown-5m-1774361400,DOWN,70289.55,69839.74,70326.87,69855.17,58,0.3662,0.0048,0.2150,0.0250,0.5000,0.5000,0.5000,0.0100,0.0100,0.0000,0.0000,0.0000
btc-updown-5m-1774361700,UP,69839.74,69891.00,69855.17,69923.42,59,0.6077,0.0131,0.5350,0.4450,0.6850,0.7850,0.9750,0.0100,0.0100,0.0300,0.0100,0.0100
btc-updown-5m-1774362000,UP,69891.00,69898.76,69923.42,69916.27,58,0.5554,0.0133,0.5850,0.6950,0.2550,0.4650,0.3650,0.0100,0.0100,0.0100,0.0100,0.0100
btc-updown-5m-1774362300,UP,69898.76,69995.24,69916.27,69999.92,58,0.6386,0.0097,0.4050,0.5950,0.9250,0.9850,0.5000,0.0100,0.0100,0.0100,0.0100,0.0000
btc-updown-5m-1774362600,UP,69995.24,70057.60,69999.92,70129.74,59,0.7285,0.0115,0.6550,0.7250,0.6350,0.9850,0.9850,0.0100,0.0100,0.0300,0.0100,0.0100
btc-updown-5m-1774362900,DOWN,70057.60,69844.18,70129.74,69820.68,58,0.3485,0.0084,0.4100,0.3200,0.0750,0.5000,0.5000,0.0200,0.0200,0.0100,0.0000,0.0000
btc-updown-5m-1774363200,DOWN,69844.18,69815.59,69820.68,69841.75,58,0.3723,0.0140,0.6300,0.3500,0.2950,0.1550,0.4250,0.0200,0.0200,0.0100,0.0100,0.0300
btc-updown-5m-1774363500,DOWN,69815.59,69685.93,69841.75,69627.05,59,0.2084,0.0134,0.1450,0.1800,0.1200,0.1950,0.0150,0.0100,0.0200,0.0200,0.0300,0.0100
btc-updown-5m-1774363800,UP,69685.93,69852.36,69627.05,69917.11,58,0.6074,0.0103,0.2750,0.5200,0.9550,0.5000,0.5000,0.0100,0.0200,0.0100,0.0000,0.0000
btc-updown-5m-1774364100,DOWN,69852.36,69745.11,69917.11,69913.04,58,0.6045,0.0121,0.5950,0.8050,0.8250,0.7050,0.0400,0.0100,0.0100,0.0300,0.0100,0.0200
btc-updown-5m-1774364400,UP,69745.11,69930.05,69913.04,69976.02,59,0.7763,0.0105,0.6350,0.8300,0.8900,0.9850,0.9750,0.0100,0.0200,0.0200,0.0100,0.0100
btc-updown-5m-1774364700,DOWN,69930.05,69927.44,69976.02,69962.99,58,0.4954,0.0105,0.6350,0.6650,0.6050,0.4250,0.2750,0.0100,0.0100,0.0100,0.0100,0.0100
btc-updown-5m-1774365000,UP,69927.44,70072.49,69962.99,69930.54,4,0.4375,0.0100,0.4150,0.4150,0.4150,0.4150,0.4150,0.0100,0.0100,0.0100,0.0100,0.0100
btc-updown-5m-1774384800,UP,70072.49,71067.70,69930.54,70086.73,1,0.4150,0.0100,0.4150,0.4150,0.4150,0.4150,0.4150,0.0100,0.0100,0.0100,0.0100,0.0100
btc-updown-5m-1774423200,DOWN,71067.70,71033.49,70086.73,71048.93,4,0.5000,0.0000,0.5000,0.5000,0.5000,0.5000,0.5000,0.0000,0.0000,0.0000,0.0000,0.0000
btc-updown-5m-1774423500,UP,71033.49,71046.99,71048.93,71069.57,58,0.6428,0.0102,0.6650,0.5150,0.5150,0.5250,0.8500,0.0100,0.0100,0.0100,0.0100,0.0200
btc-updown-5m-1774423800,DOWN,71046.99,70874.04,71069.57,71092.25,13,0.6258,0.0115,0.6750,0.6750,0.6750,0.6750,0.6750,0.0100,0.0100,0.0100,0.0100,0.0100
btc-updown-5m-1774425900,DOWN,70874.04,70834.21,71092.25,70847.56,31,0.1626,0.0084,0.0550,0.0550,0.0550,0.0250,0.5000,0.0100,0.0100,0.0100,0.0100,0.0000
btc-updown-5m-1774426200,DOWN,70834.21,70803.74,70847.56,70811.41,59,0.3467,0.0110,0.4650,0.4200,0.2750,0.1350,0.0900,0.0100,0.0200,0.0100,0.0100,0.0200
btc-updown-5m-1774426500,UP,70803.74,71036.96,70811.41,71090.84,58,0.7508,0.0064,0.9400,0.9750,0.9850,0.5000,0.5000,0.0200,0.0100,0.0100,0.0000,0.0000
btc-updown-5m-1774426800,UP,71036.96,71060.16,71090.84,71084.30,59,0.3434,0.0119,0.4050,0.5450,0.2450,0.1100,0.0150,0.0100,0.0100,0.0100,0.0200,0.0100
btc-updown-5m-1774427100,UP,71060.16,71188.21,71084.30,71192.19,58,0.5648,0.0100,0.3050,0.6250,0.6100,0.5000,0.5000,0.0100,0.0100,0.0200,0.0000,0.0000
btc-updown-5m-1774427400,UP,71188.21,71466.35,71192.19,71497.95,59,0.6588,0.0078,0.6250,0.7550,0.8450,0.5000,0.5000,0.0100,0.0100,0.0100,0.0000,0.0000
btc-updown-5m-1774427700,DOWN,71466.35,71342.45,71497.95,71366.25,58,0.2537,0.0091,0.4250,0.0750,0.0150,0.0250,0.5000,0.0100,0.0100,0.0100,0.0100,0.0000
btc-updown-5m-1774428000,UP,71342.45,71453.06,71366.25,71478.32,59,0.7111,0.0093,0.6850,0.7150,0.9400,0.9850,0.5000,0.0100,0.0100,0.0200,0.0100,0.0000
btc-updown-5m-1774428300,DOWN,71453.06,71307.19,71478.32,71331.16,59,0.2714,0.0083,0.2750,0.1750,0.0350,0.5000,0.5000,0.0100,0.0100,0.0100,0.0000,0.0000
btc-updown-5m-1774428600,DOWN,71307.19,71243.40,71331.16,71259.63,58,0.3273,0.0098,0.4250,0.4650,0.1950,0.1250,0.0150,0.0100,0.0100,0.0100,0.0100,0.0100
btc-updown-5m-1774428900,DOWN,71243.40,71231.11,71259.63,71242.51,59,0.4755,0.0131,0.6250,0.3050,0.2600,0.7350,0.8050,0.0100,0.0100,0.0200,0.0100,0.0100
btc-updown-5m-1774429200,UP,71231.11,71239.16,71242.51,71252.53,58,0.6036,0.0110,0.5850,0.4550,0.6450,0.7950,0.5200,0.0100,0.0100,0.0100,0.0100,0.0200
btc-updown-5m-1774429500,UP,71239.16,71332.43,71252.53,71365.42,59,0.6564,0.0110,0.6250,0.5850,0.8850,0.9400,0.5000,0.0100,0.0100,0.0100,0.0200,0.0000
btc-updown-5m-1774429800,DOWN,71332.43,71321.70,71365.42,71323.39,58,0.2765,0.0129,0.3950,0.3950,0.2150,0.1350,0.0250,0.0100,0.0100,0.0100,0.0100,0.0100
btc-updown-5m-1774430100,DOWN,71321.70,71307.93,71323.39,71319.22,58,0.5709,0.0107,0.6450,0.8950,0.6850,0.3550,0.2550,0.0100,0.0100,0.0100,0.0100,0.0100
btc-updown-5m-1774430400,DOWN,71307.93,71241.63,71319.22,71233.58,58,0.5300,0.0097,0.5650,0.5750,0.4550,0.1950,0.5000,0.0100,0.0100,0.0100,0.0100,0.0000
btc-updown-5m-1774430700,UP,71241.63,71258.25,71233.58,71273.19,57,0.7096,0.0102,0.5050,0.6450,0.8350,0.9600,0.9850,0.0100,0.0100,0.0100,0.0200,0.0100
btc-updown-5m-1774431000,UP,71258.25,71269.07,71273.19,71260.39,58,0.6975,0.0171,0.7550,0.8550,0.7800,0.3800,0.8050,0.0100,0.0100,0.0200,0.0200,0.0100
btc-updown-5m-1774431300,DOWN,71269.07,71268.26,71260.39,71297.22,59,0.5869,0.0125,0.4050,0.5250,0.5350,0.6750,0.9350,0.0100,0.0100,0.0100,0.0100,0.0100
btc-updown-5m-1774431600,DOWN,71268.26,71255.40,71297.22,71263.02,58,0.3868,0.0105,0.5950,0.4350,0.4450,0.1250,0.0650,0.0100,0.0100,0.0100,0.0100,0.0100
btc-updown-5m-1774431900,DOWN,71255.40,71122.20,71263.02,71168.66,59,0.3203,0.0058,0.2250,0.0850,0.5000,0.5000,0.5000,0.0100,0.0100,0.0000,0.0000,0.0000
btc-updown-5m-1774432200,UP,71122.20,71194.46,71168.66,71227.41,58,0.7599,0.0098,0.6650,0.7750,0.8250,0.9550,0.9850,0.0100,0.0100,0.0300,0.0100,0.0100
btc-updown-5m-1774432500,UP,71194.46,71389.11,71227.41,71345.91,58,0.7466,0.0081,0.7950,0.7650,0.9550,0.5000,0.5000,0.0100,0.0100,0.0100,0.0000,0.0000
btc-updown-5m-1774432800,DOWN,71389.11,71306.88,71345.91,71321.88,59,0.5768,0.0105,0.7350,0.7450,0.7650,0.1350,0.1550,0.0100,0.0100,0.0100,0.0100,0.0100
btc-updown-5m-1774433100,UP,71306.88,71392.88,71321.88,71396.04,58,0.7349,0.0091,0.5850,0.7750,0.8750,0.9850,0.5000,0.0100,0.0100,0.0100,0.0100,0.0000
btc-updown-5m-1774433400,UP,71392.88,71399.72,71396.04,71419.99,59,0.6772,0.0124,0.5550,0.5950,0.8200,0.8100,0.9050,0.0100,0.0100,0.0400,0.0400,0.0100
btc-updown-5m-1774433700,UP,71399.72,71432.20,71419.99,71449.03,58,0.6353,0.0117,0.3850,0.4550,0.9200,0.7350,0.8850,0.0100,0.0100,0.0200,0.0100,0.0100
btc-updown-5m-1774434000,DOWN,71432.20,71382.06,71449.03,71402.26,59,0.3997,0.0102,0.4150,0.5950,0.2850,0.0550,0.0150,0.0100,0.0100,0.0100,0.0100,0.0100
btc-updown-5m-1774434300,UP,71382.06,71392.89,71402.26,71405.91,58,0.6324,0.0121,0.5550,0.5250,0.7550,0.6250,0.9050,0.0100,0.0100,0.0100,0.0100,0.0100
btc-updown-5m-1774434600,DOWN,71392.89,71361.47,71405.91,71361.96,59,0.2569,0.0114,0.5150,0.4250,0.0850,0.0450,0.0650,0.0100,0.0100,0.0100,0.0100,0.0100
btc-updown-5m-1774434900,DOWN,71361.47,71346.60,71361.96,71365.89,58,0.5377,0.0136,0.4050,0.4650,0.8550,0.6550,0.3750,0.0100,0.0100,0.0300,0.0100,0.0100
btc-updown-5m-1774435200,UP,71346.60,71400.56,71365.89,71436.31,59,0.4736,0.0107,0.2950,0.3200,0.3450,0.9550,0.9850,0.0100,0.0200,0.0100,0.0100,0.0100
btc-updown-5m-1774435500,UP,71400.56,71515.29,71436.31,71546.66,58,0.7694,0.0081,0.8050,0.8250,0.9550,0.5000,0.5000,0.0100,0.0100,0.0100,0.0000,0.0000
btc-updown-5m-1774435800,UP,71515.29,71571.63,71546.66,71582.43,58,0.6048,0.0107,0.6050,0.4500,0.5450,0.6550,0.5000,0.0100,0.0200,0.0100,0.0100,0.0000
btc-updown-5m-1774436100,DOWN,71571.63,71477.65,71582.43,71499.95,59,0.2651,0.0095,0.4050,0.2550,0.1450,0.0150,0.5000,0.0100,0.0100,0.0100,0.0100,0.0000
btc-updown-5m-1774436400,DOWN,71477.65,71475.38,71499.95,71503.31,58,0.4094,0.0112,0.4650,0.5550,0.4050,0.1800,0.2650,0.0100,0.0100,0.0100,0.0200,0.0100
btc-updown-5m-1774436700,UP,71475.38,71521.15,71503.31,71544.55,59,0.6192,0.0108,0.6550,0.3750,0.7250,0.8850,0.9750,0.0100,0.0100,0.0100,0.0100,0.0100
btc-updown-5m-1774437000,UP,71521.15,71572.97,71544.55,71602.50,58,0.5947,0.0110,0.3750,0.4250,0.6550,0.9850,0.5000,0.0100,0.0100,0.0100,0.0100,0.0000
btc-updown-5m-1774437300,UP,71572.97,71660.26,71602.50,71698.99,59,0.7410,0.0092,0.8450,0.6950,0.8450,0.9850,0.5000,0.0100,0.0100,0.0100,0.0100,0.0000
btc-updown-5m-1774437600,UP,71660.26,71693.23,71698.99,71699.46,58,0.4895,0.0155,0.6450,0.3850,0.2950,0.5800,0.6550,0.0100,0.0100,0.0100,0.0800,0.0100
btc-updown-5m-1774437900,UP,71693.23,71904.29,71699.46,71860.00,59,0.7031,0.0083,0.7300,0.8950,0.9550,0.5000,0.5000,0.0200,0.0100,0.0100,0.0000,0.0000
btc-updown-5m-1774438200,UP,71904.29,71942.54,71860.00,71937.06,58,0.7112,0.0117,0.5950,0.8450,0.6950,0.9750,0.5000,0.0100,0.0100,0.0100,0.0100,0.0000
btc-updown-5m-1774438500,DOWN,71942.54,71936.06,71937.06,71900.09,59,0.3385,0.0139,0.4550,0.1450,0.1700,0.4000,0.4500,0.0100,0.0100,0.0200,0.0200,0.0200
btc-updown-5m-1774438800,DOWN,71936.06,71801.00,71900.09,71809.81,58,0.2220,0.0091,0.3250,0.0650,0.0450,0.0150,0.5000,0.0100,0.0100,0.0100,0.0100,0.0000
btc-updown-5m-1774439100,DOWN,71801.00,71546.72,71809.81,71591.03,59,0.3697,0.0066,0.3550,0.3850,0.0150,0.5000,0.5000,0.0100,0.0100,0.0100,0.0000,0.0000
btc-updown-5m-1774439400,UP,71546.72,71617.99,71591.03,71628.87,58,0.6393,0.0107,0.4350,0.5450,0.6150,0.8650,0.9200,0.0100,0.0100,0.0100,0.0100,0.0200
btc-updown-5m-1774439700,UP,71617.99,71662.43,71628.87,71690.80,58,0.6869,0.0093,0.6350,0.6350,0.5150,0.9550,0.9850,0.0100,0.0100,0.0100,0.0100,0.0100
btc-updown-5m-1774440000,UP,71662.43,71780.97,71690.80,71795.04,59,0.7459,0.0088,0.6450,0.6650,0.9050,0.9650,0.5000,0.0100,0.0100,0.0100,0.0100,0.0000
btc-updown-5m-1774440300,UP,71780.97,71808.36,71795.04,71816.08,58,0.6611,0.0109,0.5000,0.6750,0.6950,0.7050,0.9150,0.0200,0.0100,0.0100,0.0100,0.0100
btc-updown-5m-1774440600,DOWN,71808.36,71741.28,71816.08,71750.01,58,0.3759,0.0108,0.5050,0.6050,0.3650,0.0850,0.5000,0.0100,0.0100,0.0100,0.0100,0.0000
btc-updown-5m-1774440900,DOWN,71741.28,71396.77,71750.01,71423.63,59,0.3150,0.0056,0.1950,0.5000,0.0150,0.5000,0.5000,0.0100,0.0000,0.0100,0.0000,0.0000
btc-updown-5m-1774441200,DOWN,71396.77,71228.46,71423.63,71230.60,58,0.3234,0.0088,0.4650,0.2350,0.0750,0.5000,0.5000,0.0100,0.0100,0.0100,0.0000,0.0000
btc-updown-5m-1774441500,UP,71228.46,71720.50,71230.60,71278.02,11,0.5395,0.0227,0.6350,0.6350,0.6350,0.6350,0.6350,0.0100,0.0100,0.0100,0.0100,0.0100
btc-updown-5m-1774443900,DOWN,71720.50,71654.92,71278.02,71666.61,34,0.2341,0.0088,0.3450,0.3450,0.1750,0.0850,0.5000,0.0100,0.0100,0.0100,0.0100,0.0000
btc-updown-5m-1774444200,UP,71654.92,71697.17,71666.61,71708.42,58,0.7352,0.0110,0.5350,0.7350,0.9250,0.8350,0.9750,0.0100,0.0100,0.0100,0.0100,0.0100
btc-updown-5m-1774444500,DOWN,71697.17,71638.65,71708.42,71659.11,59,0.2130,0.0100,0.1750,0.1450,0.1450,0.0350,0.5000,0.0100,0.0100,0.0100,0.0100,0.0000
btc-updown-5m-1774444800,DOWN,71638.65,71629.43,71659.11,71632.82,59,0.4245,0.0124,0.6450,0.5200,0.1550,0.2450,0.3050,0.0100,0.0400,0.0100,0.0100,0.0100
btc-updown-5m-1774445100,DOWN,71629.43,71601.87,71632.82,71639.99,58,0.3990,0.0107,0.4750,0.3550,0.4450,0.3150,0.3350,0.0100,0.0100,0.0100,0.0100,0.0100
btc-updown-5m-1774445400,UP,71601.87,71718.19,71639.99,71760.64,59,0.8929,0.0097,0.8750,0.9650,0.9850,0.9850,0.9940,0.0100,0.0100,0.0100,0.0100,0.0080
btc-updown-5m-1774445700,UP,71718.19,71820.64,71760.64,71827.83,58,0.8501,0.0096,0.7050,0.9150,0.9550,0.9850,0.9915,0.0100,0.0100,0.0100,0.0100,0.0010
btc-updown-5m-1774446000,DOWN,71820.64,71706.20,71827.83,71719.21,59,0.5480,0.0108,0.7750,0.7150,0.5750,0.0650,0.5000,0.0100,0.0100,0.0100,0.0100,0.0000
btc-updown-5m-1774446300,UP,71706.20,71717.59,71719.21,71650.09,58,0.5278,0.0117,0.5450,0.2450,0.5650,0.6850,0.6850,0.0100,0.0100,0.0100,0.0100,0.0100
btc-updown-5m-1774446600,DOWN,71717.59,71624.00,71650.09,71651.90,54,0.4181,0.0135,0.3050,0.3350,0.4900,0.4450,0.2950,0.0100,0.0100,0.0200,0.0100,0.0100
btc-updown-5m-1774446900,DOWN,71624.00,71558.99,71651.90,71591.01,59,0.6432,0.0122,0.7250,0.7050,0.7650,0.5700,0.0150,0.0100,0.0100,0.0100,0.0200,0.0100
btc-updown-5m-1774447200,DOWN,71558.99,71549.55,71591.01,71483.34,58,0.4397,0.0134,0.2950,0.6650,0.6750,0.1850,0.3250,0.0100,0.0100,0.0100,0.0100,0.0100
btc-updown-5m-1774447500,DOWN,71549.55,71546.94,71483.34,71537.48,58,0.4350,0.0134,0.3050,0.4250,0.5100,0.5150,0.3150,0.0100,0.0100,0.0200,0.0100,0.0100
btc-updown-5m-1774447800,DOWN,71546.94,71358.53,71537.48,71410.93,59,0.2482,0.0090,0.2150,0.0900,0.1550,0.5000,0.5000,0.0100,0.0200,0.0100,0.0000,0.0000
btc-updown-5m-1774448100,UP,71358.53,71373.77,71410.93,71357.41,58,0.7069,0.0117,0.6850,0.8950,0.8550,0.7450,0.5800,0.0100,0.0100,0.0100,0.0100,0.0200
btc-updown-5m-1774448400,DOWN,71373.77,71338.29,71357.41,71310.36,58,0.7830,0.0105,0.7250,0.9050,0.9050,0.9050,0.7050,0.0100,0.0100,0.0100,0.0100,0.0100
btc-updown-5m-1774448700,DOWN,71338.29,71333.44,71310.36,71383.39,59,0.7903,0.0131,0.7550,0.7600,0.9450,0.6100,0.9650,0.0100,0.0200,0.0100,0.0400,0.0100
btc-updown-5m-1774449000,UP,71333.44,71408.16,71383.39,71501.79,58,0.7691,0.0100,0.5550,0.8150,0.8850,0.8850,0.8850,0.0100,0.0100,0.0100,0.0100,0.0100
btc-updown-5m-1774449300,DOWN,71408.16,71321.46,71501.79,71356.64,59,0.3031,0.0090,0.4050,0.2550,0.1050,0.0250,0.5000,0.0100,0.0100,0.0100,0.0100,0.0000
btc-updown-5m-1774449600,UP,71321.46,71387.44,71356.64,71356.64,59,0.6404,0.0110,0.5350,0.4850,0.6850,0.7350,0.9600,0.0100,0.0100,0.0100,0.0100,0.0200
btc-updown-5m-1774449900,DOWN,71387.44,71380.14,71356.64,71399.19,58,0.4806,0.0140,0.4050,0.3450,0.4300,0.8650,0.8250,0.0300,0.0100,0.0200,0.0100,0.0100
btc-updown-5m-1774450200,DOWN,71380.14,71371.01,71399.19,71340.80,59,0.5631,0.0107,0.6350,0.6150,0.5250,0.7450,0.5750,0.0100,0.0100,0.0100,0.0100,0.0100
btc-updown-5m-1774450500,DOWN,71371.01,71286.19,71340.80,71234.28,58,0.3721,0.0107,0.4500,0.4250,0.4550,0.2850,0.0900,0.0200,0.0100,0.0100,0.0100,0.0200
btc-updown-5m-1774450800,DOWN,71286.19,71253.48,71234.28,71266.66,59,0.6561,0.0112,0.5050,0.5750,0.4050,0.6750,0.8150,0.0100,0.0100,0.0100,0.0100,0.0100
btc-updown-5m-1774451100,DOWN,71253.48,70919.67,71266.66,70933.89,58,0.3428,0.0071,0.4050,0.2150,0.0150,0.5000,0.5000,0.0100,0.0100,0.0100,0.0000,0.0000
btc-updown-5m-1774451400,UP,70919.67,71517.24,70933.89,70971.80,21,0.6788,0.0110,0.5650,0.6950,0.6950,0.6950,0.6950,0.0100,0.0100,0.0100,0.0100,0.0100
btc-updown-5m-1774456800,DOWN,71517.24,70906.09,70971.80,71590.15,1,0.3350,0.0100,0.3350,0.3350,0.3350,0.3350,0.3350,0.0100,0.0100,0.0100,0.0100,0.0100
btc-updown-5m-1774466400,DOWN,70906.09,70864.48,71590.15,70928.57,2,0.8550,0.0100,0.8550,0.8550,0.8550,0.8550,0.8550,0.0100,0.0100,0.0100,0.0100,0.0100
btc-updown-5m-1774467300,UP,70864.48,70958.34,70928.57,71037.15,31,0.6187,0.0084,0.2850,0.2850,0.3850,0.9050,0.5000,0.0100,0.0100,0.0100,0.0100,0.0000
btc-updown-5m-1774467600,UP,70958.34,71019.38,71037.15,71020.27,5,0.4150,0.0100,0.3350,0.3350,0.3350,0.3350,0.3350,0.0100,0.0100,0.0100,0.0100,0.0100
