wallet,markets_active,direction_wr_pct,total_trades,total_volume,net_pnl,roi_pct,avg_entry_price,trade_wr_pct
0x5285fa6269f2df68cceff60ef20f4064f02e99a1,567,70.5,3597,37720.05,7363.17,19.52,0.5328,60.1
0xa5096868146ce2dae5bdedfc1b54a9174859666e,728,91.6,5698,61482.65,5324.45,8.66,0.4886,53.2
0xa0c005e435cc420334bbc3300473b2ea0ac35adc,513,77.4,4873,34390.54,2783.43,8.09,0.539,57.3
0x9b770f80fac350b48fb7d50079d2262e8ed980b3,745,78.5,16494,212749.37,15981.62,7.51,0.5229,55.9
0x6b9bb0d2563663ca61db4991066471fe38bc2bf9,534,74.5,4575,35706.85,2637.01,7.39,0.4722,48.7
0x4c5c9a295917b246e4689b461bb168ee70a98080,684,73.5,1890,10498.04,771.66,7.35,0.5889,60.9
0xef01365d2f06d3df65f7e4c1252fc857af324f22,604,70.2,11498,166119.1,11242.59,6.77,0.5451,58.2
0x596c3d835464811023955d275a4537ec22c7766d,776,70.5,4557,62934.3,4192.53,6.66,0.5006,55.3
0x71d30f02264a23f38b74c682bb95112e834a6965,574,76.0,3053,22412.0,1477.05,6.59,0.5337,55.5
0x61fdf2b07ba6747edbcf9b3191e634ce5a925b6e,618,83.3,15664,219876.05,14017.76,6.38,0.6377,68.2
0x0bc782bd789b0055b953b5a8e709b5242f549b03,654,73.5,1967,14389.09,908.59,6.31,0.5306,55.3
0xbc61e8b850e011e4f01f60f5a0fa309fb0b9792f,631,73.1,1791,14606.92,919.8,6.3,0.5373,58.3
0x6fed9ff6264432dc655dd1951e30c6fe9486c3bd,812,74.1,3601,28797.01,1763.17,6.12,0.5689,60.1
0xe3ee76243455a9e9ae99c46ca78bfb4fc554f1a4,1142,71.3,8737,53065.58,3163.8,5.96,0.4808,50.6
0x2cf3d8ca4387c79a39ff9319f1b246961d6651c6,2592,75.0,7871,61687.83,3581.43,5.81,0.5551,57.3
0x7e591759436f17537a5b915e0efbc68d8e5128c8,643,81.8,2263,10989.49,637.19,5.8,0.6435,67.7
0x07d435b39f1b8c2af5c30e536b1a4ebb70ff045f,576,79.2,3204,26023.42,1483.97,5.7,0.5145,52.7
0x79c19302058eb8d17e07f8fb8c19692b6f1ff3e2,615,74.3,4723,62823.43,3491.71,5.56,0.516,56.0
0x0245c62af4b6944d8c806c3518846044366d605f,563,79.0,2033,14293.62,783.61,5.48,0.6566,67.5
0x9c321244481b72c1c1903056a29fa8d82c6f5556,611,75.1,1702,10043.48,547.01,5.45,0.5433,56.5
0x6a015f754c9fc6f459a1a38401cd8791af2b77a6,511,84.1,2024,11877.31,635.78,5.35,0.5739,59.8
0x60ceba40e3da0b6905b3a75611440db889c7a6ad,1282,81.0,6662,32314.88,1680.37,5.2,0.5213,52.8
0x97f207ce441dd793992a87426b3cecef32438bd4,1951,81.3,30521,446945.55,23046.04,5.16,0.5324,56.1
0x18cc984d8c17016c66caa3d361094e1eb2efad85,645,72.4,1573,12733.64,653.68,5.13,0.6986,75.6
0xede5ceeb71f38889b8ffc88810df873850292554,1377,82.9,23037,232954.56,11833.98,5.08,0.5179,53.7
0x91dc3323b3ea4f51bbc9557216a1776b1ff26cff,549,75.0,3803,33871.19,1676.85,4.95,0.584,60.8
0x1dd63a243da7c85c56fd88dd81a77fc144378577,766,88.8,6743,70218.3,3405.64,4.85,0.5242,54.7
0xf05f2e4e4e4535d609727635e4fa66f5a4c5c046,1387,77.3,5821,33692.63,1626.04,4.83,0.6127,63.6
0x7ee6b1c0c5a76bda193c83e73fffb33aa11b80f9,815,71.3,3854,14752.66,705.22,4.78,0.4727,50.6
0xcc30b9cc1649ea0e872e10dd0bd86d02a097c8a5,550,73.6,4120,41235.91,1934.96,4.69,0.6077,62.8
0x878caf8c0a5ec6e31797131755b4620e7d2bc12a,531,73.4,3318,49947.24,2333.16,4.67,0.4606,49.6
0xb45ffef7d758c4898126f662433b5bb33480c7ca,887,71.4,3358,16746.3,782.4,4.67,0.5715,59.0
0x1d30b3c456541c810695ab401a0a037c0e857683,508,83.1,7323,101333.52,4709.02,4.65,0.5897,61.3
0x500f6d0447342409d5c01d0eee607b03538e717f,1587,70.1,8853,107388.23,4982.4,4.64,0.5526,58.4
0xab72e9d3b61a536319929020a65b604057260888,614,81.9,17879,257124.68,11718.95,4.56,0.4412,48.9
0xaff2e4c09454894262372b5546d280de63189070,553,78.8,2629,20018.76,908.25,4.54,0.5351,55.1
0x7839498e7345b4de49800b49719b3c0db48f54cb,993,85.3,2148,10246.42,460.78,4.5,0.6056,61.5
0xe460c66070db91bd3d483453e03789ed86545784,695,96.3,3248,31899.18,1431.3,4.49,0.4953,52.6
0x8c73d0083d00049fd1c6a1bae61e166bba436daf,581,76.1,16820,228004.9,10221.92,4.48,0.3968,40.6
0x1de29c7bd507ac0d8f21a25fb39506f03d551038,2261,72.4,8038,31356.58,1363.03,4.35,0.5369,55.4
0xb9df09a99fd485c4b17c39845428cc4994465206,636,78.3,12863,120712.74,5214.63,4.32,0.4542,46.8
0x73eebaafa61550ef30304aee723866f2d6902d68,533,92.3,2016,19788.67,849.67,4.29,0.5424,56.5
0x8d9aea0161b4ffe89d4694bf2d90e628935ac64c,541,79.7,2289,14152.01,602.39,4.26,0.5383,55.9
0xe62e720df49d1ba29053007c86e6c306ee494f43,540,74.8,3321,16555.84,703.01,4.25,0.5291,54.3
0xfbd4f815b0dcb4cdb50937f118ea5e2f78da301f,1177,92.6,12340,251766.18,10689.47,4.25,0.4427,46.9
0xf8e7f542422ec43b919c377675d9fd703f897330,525,82.7,2892,20098.4,851.68,4.24,0.5513,57.6
0x606856f0077a11b5e03fff96eeb899108a3d3342,610,73.4,3171,49141.15,2081.12,4.23,0.6987,72.6
0x85ef84780afe3bedcd6ba85101a44c62c5d41bb3,594,77.4,11734,122863.34,5179.86,4.22,0.4687,48.5
0x187d3dc88f949b1f9d8b561f3a826da8307a8e1c,1007,78.1,4156,22335.83,938.62,4.2,0.6458,66.6
0xd7e5a1c8d23664d481761218fc4767941aecfe31,1327,85.3,3260,31159.95,1305.51,4.19,0.694,71.6
0xc2b00b670009fffca62ec190cc0560ef46c9e756,1151,73.1,4614,37102.61,1541.62,4.16,0.6507,67.1
0x924496fabc1d6d96048137ff49d4e64cd7c12d55,663,70.9,2100,12207.01,499.28,4.09,0.5859,61.1
0x6edc096fb829163b7c71f8fdb81078cecc4761cf,926,86.5,12679,164103.2,6669.41,4.06,0.5582,57.8
0xb014f0bf7e00d4beb95bb0b58323b1f2e0429b98,645,81.4,7560,72569.13,2921.15,4.03,0.4783,49.0
0x27d354a0b34e18d48b0370dde6605dcdf55909c1,971,79.2,6340,60096.11,2417.2,4.02,0.5284,54.1
0xe6034667f866ebc019df76344e27696e75bc9a84,684,70.9,2129,12474.54,501.7,4.02,0.5349,55.0
0xde6e74aea7fd9a9866e801489feb489f21e20169,643,70.6,10112,130591.06,5251.32,4.02,0.5518,56.5
0x1e3b6822abfb39331b863eb729cdc251f607c850,1063,89.7,115122,2210049.58,88859.58,4.02,0.5713,60.1
0x7c8df886defd658afe0b5decb669e6973bce299c,1298,70.2,3517,14512.17,580.88,4.0,0.4896,50.4
0xf824b4777b457eb19908bfd2a755768b3f410fda,1291,87.0,15382,177863.82,7106.09,4.0,0.5919,60.8
0xcd050d69a824168c3e9770d22f53ba0b3c8d8190,666,77.5,3165,46016.31,1828.57,3.97,0.5133,52.7
0x6f5d01a22ce0f5c8c28ae67a38bbf30b6c1339fb,506,77.1,3075,11086.32,438.37,3.95,0.5137,53.0
0x60210781b8c4fd6da6a21b01298afd4bf0bf8ca2,4588,74.6,46667,671359.26,26424.83,3.94,0.4492,47.1
0xb343c03ee55a50c1bec6a37a81cfb4349656097d,1065,80.5,3470,21986.76,867.05,3.94,0.6602,67.6
0xdddff09786c203b27a99a95e0ab3d040a37ed97a,622,75.7,4126,34215.36,1323.7,3.87,0.5523,57.0
0xcbcf9e6f313c50e3209bd633e791d1bc1aec63bd,589,76.6,16067,272724.45,10555.81,3.87,0.4814,50.7
0xf7e6a0250da4034334f47a1f1031de0f5dd283a4,587,86.4,2169,11909.16,456.73,3.84,0.5537,58.0
0xac9bd3239cd5ef72793bf548cb83bf411ed1e7df,707,70.7,39950,245633.5,9401.0,3.83,0.5701,59.1
0x76370a0c44027a1aaa3caaa4d4ec690c42190bcc,806,88.7,2385,11100.91,425.14,3.83,0.5672,57.4
0x2f6614f24be6111c6d6053014c9983843e188403,549,88.3,4263,38441.57,1470.38,3.82,0.4519,47.1
0xcfd383eb62b0c60c1ff5733c65c6c0538ca68627,513,79.7,2008,18401.12,695.49,3.78,0.6809,69.7
0xcdd8a1054ca2e81cb254f47da5c4727183404207,591,80.7,12991,210376.88,7948.29,3.78,0.6689,69.2
0x9dec192a5eff070c5105ed6edc28f5ca3c27d734,2910,79.9,6594,13104.91,492.35,3.76,0.5508,56.2
0x5cf00f552dd0185d19dbfdf0ec2de0059d70a575,586,72.7,5329,59960.48,2250.75,3.75,0.5506,55.8
0x9dd492affbbc355772aab8e1335b6c012b076a6c,1605,71.8,10620,97460.71,3642.35,3.74,0.5666,58.1
0x251246362a52e486f987df91de8d961e602d9030,1028,81.0,29562,92208.61,3436.89,3.73,0.5276,54.4
0x4d0d5633c4cd72c0f186050284a170a57c45f270,661,85.6,3931,41007.49,1516.57,3.7,0.6091,62.5
0xf7e8bf2d12aaded6da86d89e9170bf79ca4b7953,899,89.4,39445,619793.97,22812.68,3.68,0.5631,58.7
0x8f31d2d083d841896f0c838d9da3902279aa4574,768,76.6,3191,23685.22,867.52,3.66,0.529,54.8
0x215a452dbc2dc50f743eeff25f8a8ba159a01725,508,83.5,5211,36608.5,1341.59,3.66,0.4907,50.3
0x72bdbd376474373605c3f3ee1d13cd0886d7d37a,712,83.0,5924,45140.4,1636.69,3.63,0.6214,63.6
0x1960e565b7144a2941c6d1df6c2001b591cd2475,513,70.6,2357,31975.96,1155.75,3.61,0.5812,60.7
0xc771d5d878f267ab9c29edcddcc7f4bd50aa6f90,519,71.5,2009,13413.26,484.12,3.61,0.5198,53.1
0x796d5c4525f8ba16feb1196ac8db5083de765b84,854,72.1,3213,12310.19,444.74,3.61,0.5358,54.2
0x6b688e4775d9c72e81c39b1e3738fe3092c20e7a,1335,73.6,5648,45917.93,1640.58,3.57,0.5961,61.1
0xfc9efe191573fd1a7767d1b13ca91b3497606522,843,74.1,11329,121984.45,4310.6,3.53,0.5365,55.6
0xc26122274a9eaa1023a33608b8afa1cb6b4c0ac7,575,82.1,3813,30425.78,1071.48,3.52,0.6262,64.0
0x0f7178b83b1b190992a17d9f28a3722e5138fe85,551,83.7,2617,24777.83,870.29,3.51,0.6004,62.4
0x3c31f631ac08c11a48cfb73418c1eb6cbbb80142,565,78.4,4170,51466.06,1790.24,3.48,0.6491,67.1
0xc8c20a99ea04f350ce197f6e856f136765118b8a,583,77.7,7152,83356.14,2874.22,3.45,0.5469,55.3
0x7fd5e93a6bb483cc1233620dd5ad579f5ae4b12a,723,90.6,6240,82870.66,2858.78,3.45,0.5508,57.0
0x76b829f9dc293fff53be790fb19840d0670f6aa1,1955,90.2,31982,418100.43,14380.91,3.44,0.6375,65.5
0xf7b6b54d7103f96497d7b96720b1e94073c79206,1043,87.2,5399,34273.66,1153.43,3.37,0.5555,56.7
0x1cecde801b4e4733bc440267c640ca5511d85468,664,85.2,7546,21863.91,733.21,3.35,0.525,54.2
0xb35e923ffa579455ad05dd0affe948986e7f9da0,1312,88.2,7825,52010.2,1742.88,3.35,0.4831,50.0
0x7829b9e87673ba4872fc61bb1148db7047451ac0,556,74.1,6690,86736.82,2903.35,3.35,0.5618,58.2
0x96e67df089704338666e25aea0f226222d63b641,588,76.2,1821,15269.09,503.58,3.3,0.6761,69.5
0x070541386a9533e21eab164ffe772e529f91a86f,771,89.1,40280,840499.39,27611.16,3.29,0.4477,45.9
0xa4c0a01222be8c3b6e500cd2bae9a8e151229d41,642,88.0,4820,50159.83,1646.46,3.28,0.5398,54.6
0x6244cc3ffcaa5c62410c53257b07670bc4ccaa43,552,74.8,2030,11517.22,372.65,3.24,0.5864,60.4
